Itterate ,RMS_Error ,MAX_ABS_U_Error ,MAX_ABS_U_Error_position_R ,MAX_ABS_U_Error_position_C ,MAX_ABS_V_Error ,MAX_ABS_V_Error_position_R ,MAX_ABS_V_Error_position_C ,MAX_RS_Error ,MAX_RS_Error_Position_R ,MAX_RS_Error_Position_C ,Bulk_Velocity_ABS_Error ,Bulk_Velocity_ABS_Error_Position_R ,Bulk_Velocity_ABS_Error_Position_C
100,NaN,1.4044484313043604e306,43,33,1.516843656545305e308,27,62,Inf,43,33,Inf,43,33
200,0.8409354705603435,0.012535991958281943,97,54,0.00950290431134004,91,95,6.808491095337531,92,59,0.0012458542723523267,99,54
300,1.913023912428732,0.01363521577175571,95,56,0.005810357272342321,88,94,49.129689268159694,54,2,0.0012622908621706028,98,54
400,3.8290284833955606,0.007076513820876913,8,50,0.006354841937689443,85,94,168.23072869531856,25,52,0.0005044417827832475,97,76
500,1.1958935248578744,0.005301896536879257,5,53,0.0030988307416169565,77,4,12.03158372629817,2,97,0.00043795269431102027,98,78
600,0.5092211574210724,0.003384085431333639,70,67,0.004159729047577949,80,92,3.3690915416539085,22,99,0.0002832963344549385,83,93
700,3.0770569145783813,0.005408170843659795,8,50,0.003006707976059269,78,91,72.0784386077636,8,52,0.0005939161791270464,98,59
800,0.9600039229733388,0.00554120852852923,91,60,0.002226306978917271,54,7,9.123971619363251,84,67,0.0004996441892298558,96,60
900,0.5075914840591834,0.00461804847416937,67,61,0.004022570730946449,75,92,35.10280438427493,85,66,0.0005793531090041376,98,52
1000,0.35117889560337523,0.003823759785387973,97,59,0.0015409246187043065,66,4,12.664417161868583,84,67,0.0005301913521705169,99,57
1100,2.275224771022553,0.004416172406076696,90,61,0.001619304960072631,74,90,44.797853025236066,5,39,0.00041446703238983557,96,62
1200,0.40747605307910906,0.002550636691294947,61,65,0.0024165521041078983,70,90,4.043847155457844,2,14,0.00033821740451734673,98,49
1300,0.47432772968113496,0.003382488388346527,10,51,0.0013780371531290662,61,6,2.3139533251454787,12,100,0.00014065191932515625,99,64
1400,2.742284022986969,0.0034942660245586375,6,50,0.0021728731296582794,69,89,44.564002534072145,4,36,0.00020847140967011207,97,58
1500,0.4076240905699301,0.002447256911605928,87,63,0.0007217021905677294,69,89,5.565025158882988,81,67,0.00022640533173391318,96,63
1600,0.4186060628141385,0.002934478971221852,8,52,0.0006457399267401874,69,87,2.0234320596629853,6,2,0.0002546436786039939,98,52
1700,0.619787571688839,0.001051710799814234,4,55,0.0016979424625129698,67,87,18.73035866795656,2,94,0.0001220077688819704,74,90
1800,0.841723851260744,0.0036638976819454716,92,57,0.0008606127273833187,69,6,12.267512786718475,2,26,0.00043948286046208845,97,59
1900,0.2558331245724107,0.0016490819998401796,98,50,0.0011908511964147314,66,90,3.0379147082215416,2,91,0.00025216233501856953,99,54
2000,0.33832955080125937,0.0020815674887210926,46,55,0.0007585728031232822,66,85,3.4404176685125583,14,100,0.0001359913461141532,96,50
2100,1.8117915105465614,0.0022019745895999407,95,54,0.00030502342388865483,62,82,85.08178625704004,2,19,0.00028560107124685555,97,57
2200,0.5757040070306652,0.0015729936473767923,10,55,0.0010671505660916417,65,90,4.967582479936952,3,72,8.200849137337965e-5,93,63
2300,0.48072453324172315,0.002280394037779051,7,52,0.0004489466129508632,51,5,4.045707073148799,15,100,0.00013900192162380042,98,53
2400,0.14927816721329124,0.0007301793378805682,47,59,0.0007181219199454553,61,83,2.1333667398743676,2,9,5.1650079745263e-5,66,85
2500,0.8133472835194744,0.001966349253959601,80,54,0.000527788980376389,62,86,12.08756926503199,2,75,0.00023199069715053745,97,57
2600,0.4245159748004395,0.0008062291980510549,4,53,0.00026681916527418817,63,47,8.93769750280036,2,96,7.015179144791162e-5,100,53
2700,0.20387346033457784,0.0015700132189114951,94,49,0.0007300712817130198,61,85,1.573564084455033,6,2,0.0001895881999180093,97,56
2800,0.466008122236452,0.001385561991656875,96,52,0.00022548564991630576,60,78,16.72528454086677,2,90,0.00019931122646658916,98,55
2900,0.40916940362536813,0.0012376715293961084,78,54,0.00035379525556852864,58,85,4.702598716303537,2,79,0.00011537516891514535,95,60
3000,0.7018096225457501,0.0012279181655375799,41,55,0.00042998501498749467,62,88,25.34516224370922,2,2,0.00015726192197277038,98,57
3100,0.15772824277258377,0.0008289513850777107,34,53,0.00023241378221982092,60,76,1.4116140762268266,11,2,3.155250484072718e-5,100,55
3200,0.7344490643060053,0.001382151438000598,7,50,0.00042354787293577903,57,84,11.948119418909169,2,79,0.0001430044121699097,97,56
3300,0.21456964507689033,0.00046089880588941234,3,49,0.0001938587051127441,58,38,4.848952758866853,2,90,2.8556861758261e-5,100,63
3400,0.23127960368586123,0.0012196949945601533,38,53,0.0002913620937107543,57,81,1.7486860560855666,7,2,0.00012706484114768588,97,56
3500,1.223518874738255,0.000590904827792893,98,50,0.00033973977163910193,58,80,93.99159498601662,2,9,9.079120519046423e-5,99,53
3600,0.2665036557074299,0.001126784868341008,81,52,0.0001591070670515296,56,36,3.3510488195501336,2,83,0.00012416253719841133,96,58
3700,0.5570783531613593,0.0008112339432014143,97,53,0.0002914566167466874,57,86,21.751361023334983,7,100,0.00012014614930629369,98,57
3800,0.15333850751008887,0.0007024272778754694,33,51,0.00022365313596682881,59,77,1.6562470085709353,9,2,3.59803872362072e-5,94,62
3900,0.6750361864851389,0.0009552379674447739,80,50,0.0001641853370561372,58,25,13.091212039617238,8,97,0.00012180449674905214,97,55
4000,0.11566380322941035,0.0003158403389364467,76,53,0.00023201967370253818,54,24,1.441412079402805,2,87,2.194369762877589e-5,100,58
4100,0.26148131935658153,0.000938712176557048,8,51,0.00013033731458014092,56,80,2.4387483896142674,2,97,8.560771179559959e-5,97,57
4200,0.45887028618971865,0.00034936860759569345,4,48,0.00023863691804005757,56,78,33.53677666830859,2,91,4.595922457061204e-5,99,52
4300,0.27259519003301635,0.0008096473965243907,79,51,0.00015364041243131482,54,26,3.635837136880679,2,84,9.262760981000248e-5,96,57
4400,0.637211278116482,0.0004939726592717701,5,52,0.00012441508772877488,56,27,23.92066565899457,7,98,6.529845660339147e-5,98,58
4500,0.12367275581974191,0.0005560913711616031,36,51,0.00021319892732222373,56,79,1.3040582622256094,8,2,5.0273693777790843e-5,95,59
4600,0.6012385838236356,0.0006752609609381524,95,50,9.35868699203507e-5,54,76,34.434302990598894,7,96,9.104392725935422e-5,97,55
4700,0.124672110694837,0.0003366699672820042,76,51,0.00016825747948908884,53,23,1.9044914820677568,11,100,2.73482670147796e-5,93,59
4800,0.28011854122137697,0.000627157515512046,32,51,0.00012345219350626269,55,82,4.765307884627711,2,96,7.090064693031882e-5,97,57
4900,0.11755317489782081,0.0001789787619855404,99,49,0.00013545937216584772,57,73,5.862114681304513,2,92,2.9593819309050792e-5,99,51
5000,0.2862633597664702,0.0005725677418694291,77,51,0.0001462999349048852,54,21,4.108506433554574,2,85,6.63033548433025e-5,96,57
5100,0.2557907142300166,0.00030841758349286564,5,51,8.839607231714633e-5,54,26,8.394293881902312,9,98,3.5670975127471624e-5,99,57
5200,0.1442117040840843,0.00046112514400406535,33,50,0.00013500435307369635,55,78,2.0471667094930077,2,95,4.4314806096994e-5,96,58
5300,0.458472393394607,0.0004019751320799847,96,50,9.790067985071538e-5,54,77,26.452080733450774,4,5,5.71654787268382e-5,98,54
5400,0.11773981519324696,0.00033551011257054123,79,50,0.00010114030366368751,52,25,2.913586376007284,11,99,3.2599441989774984e-5,95,57
5500,0.5379338705846122,0.0004147181051139051,34,51,9.543835458579106e-5,55,84,32.63071622559346,2,94,5.473996060529219e-5,97,57
5600,0.08480316700485825,0.00016646691115949387,30,50,0.000103396788732453,58,72,4.13143214857586,2,92,1.4365689529675235e-5,100,51
5700,0.33861354517079745,0.0004280502813735036,79,50,9.146991146442157e-5,54,21,16.55553121275053,10,98,5.2508337099440965e-5,97,55
5800,0.10545936141024057,0.00015205246060267163,4,51,8.772243086264606e-5,53,22,3.160414499796139,9,98,2.2065813847680152e-5,99,57
5900,0.17901574241424087,0.0003709747909108503,29,50,7.990008946433952e-5,54,76,4.290929024829691,2,94,3.4915718487888055e-5,96,58
6000,0.3098975597207755,0.00023548986492399893,97,49,8.137094605948844e-5,54,76,17.97248355161404,3,6,3.466982492031541e-5,98,53
6100,0.14535895569693283,0.0002815155489748547,79,50,7.888194792786407e-5,52,23,5.2002314524677296,13,100,2.9610908769184697e-5,95,57
6200,0.460744697610346,0.00028122682988600224,7,51,5.0975889833694554e-5,56,21,21.505293832106716,2,5,3.681364279568833e-5,98,56
6300,0.077136793407137,0.00016068097758163528,31,50,8.638359892979702e-5,57,74,3.3136398924660995,3,93,9.74257814264105e-6,94,64
6400,0.23961662309295587,0.0003149896660334939,94,51,5.452458680086161e-5,55,21,6.621275304056982,7,2,4.058652420145265e-5,97,55
6500,0.06232622593446417,7.004790455390373e-5,3,50,7.071080416174227e-5,52,21,1.4833697761341378,2,89,1.163321790177349e-5,99,58
6600,0.25144146916808185,0.00027573412613723057,30,50,5.744661222885014e-5,54,79,11.625812196551497,3,94,2.8806376685726158e-5,97,57
6700,0.2818469102889296,0.0001439620276522391,97,49,5.804012878370124e-5,56,73,24.691758326304633,2,7,2.1741796713835998e-5,98,53
6800,0.22204288877502804,0.00022174500096463785,78,50,6.475223596378449e-5,52,21,17.174138998463768,10,98,2.431980493171077e-5,96,56
6900,0.22687835048588262,0.00018592979498277453,6,51,3.617369674038806e-5,55,22,8.273473341329307,6,96,2.3641286612405277e-5,98,57
7000,0.1035916515857514,0.00014832318479462633,31,50,6.332168115191078e-5,56,74,5.712559068611314,4,94,1.1526987872410594e-5,95,61
7100,0.19522756103836156,0.00021336401034163094,94,50,3.8668981570854494e-5,56,19,6.753288479329663,5,3,2.84906887358799e-5,97,55
7200,0.05319629472447487,7.415335098689187e-5,78,48,5.028195494959434e-5,51,22,2.0267873167779613,6,2,5.813169850634337e-6,93,58
7300,0.2384048270552882,0.00019737996910274003,31,51,4.1331240631249655e-5,53,80,10.383894982133553,4,94,2.3256163516522516e-5,97,57
7400,0.07873067582891524,8.094174917432084e-5,98,49,4.520642647821635e-5,57,71,3.243335830569142,2,7,1.277933485614377e-5,99,52
7500,0.1372739154852416,0.00017387354660168986,78,50,4.569859116025643e-5,52,20,4.873611634467551,6,2,2.0187594620297948e-5,96,56
7600,0.10860833425266106,0.00011173563709267111,5,51,3.170978891583326e-5,53,21,2.7014096013376556,7,96,1.5212588645979741e-5,98,56
7700,0.11589370250010607,0.0001294100629398963,29,50,4.3534430340837205e-5,56,73,5.589003552612977,4,94,1.1033691749307711e-5,95,60
7800,0.5486738677393387,0.0001397811093811277,95,50,2.6120042178209846e-5,57,19,52.65622473260486,7,96,1.9119945855740686e-5,97,55
7900,0.06287928193419953,7.755822215560482e-5,78,49,3.8154976903743976e-5,51,22,3.4813246130652185,6,2,7.050144753521868e-6,94,58
8000,0.18040536502543275,0.0001407458198818979,8,51,2.5495846905719544e-5,53,81,7.972439071619521,2,6,1.72338109258683e-5,97,57
8100,0.04365519170073579,3.864078733843701e-5,99,49,3.6978196692814824e-5,58,71,1.4946412771429152,2,90,6.425446198985753e-6,99,52
8200,0.13142917127515635,0.00013399850562353932,92,51,3.0188125783644354e-5,52,20,7.246367027107941,5,3,1.6200379565422564e-5,96,56
8300,0.06032678588688458,6.32101513914074e-5,4,51,2.666603648705801e-5,52,21,2.3794121184414045,7,96,9.25958041404426e-6,99,56
8400,0.1647139491112792,0.00010517930248067457,29,50,3.0695341468722076e-5,55,74,13.053839345559064,2,6,1.004480043150912e-5,96,58
8500,0.106749290661518,9.046608361885922e-5,96,50,1.988524551730514e-5,54,75,5.0116201848771516,4,4,1.286131852005351e-5,98,54
8600,0.07134808470861788,7.071620822000826e-5,78,49,2.9915097670061425e-5,51,21,3.7639739700990082,6,2,6.976584085330133e-6,95,57
8700,0.11036783258102002,9.790328542870399e-5,7,51,1.4495782305147531e-5,52,82,3.49570650977152,3,5,1.213264144275892e-5,97,57
8800,0.03402326373409872,3.366161061602903e-5,30,49,2.8891143766390792e-5,58,71,1.820519219012941,3,5,2.7134692759632484e-6,100,51
8900,0.11787516101873577,9.831694599099494e-5,93,51,2.0425461571951797e-5,53,20,7.444824591865089,5,3,1.2347084232111095e-5,97,55
9000,0.03942441474940516,3.450286196789642e-5,4,50,2.094304292521096e-5,51,21,1.8351612922458678,5,3,5.158082341151157e-6,99,56
9100,0.09107908679575127,8.153565673653298e-5,10,50,2.153487965083148e-5,54,76,4.35174712698343,2,6,8.656531103902292e-6,96,58
9200,0.05935842304473596,5.6005438872616664e-5,97,50,1.6634424942370968e-5,55,73,2.1140025670799982,4,4,8.293775355369681e-6,98,53
9300,0.10905862270209155,6.0880363494587864e-5,78,50,2.2247594064328524e-5,51,21,9.293921661696336,5,3,6.4787436348657905e-6,95,57
9400,0.07354630100148415,6.470413868278667e-5,6,51,9.387890812655869e-6,55,20,3.088592377407513,4,4,8.41826495565079e-6,98,56
9500,0.04417555050131076,3.586090233393714e-5,29,50,2.161036198016636e-5,57,71,3.2957638227650943,3,5,2.3351891040592453e-6,94,64
9600,0.11350528524027094,6.953119791605622e-5,94,51,1.3489763443369496e-5,54,19,8.939285488911406,7,96,9.038567157235514e-6,97,55
9700,0.03354371595757884,1.7172812746341776e-5,3,50,1.6578310090758358e-5,51,22,2.5179471918151015,5,3,2.4466382708135045e-6,99,57
9800,0.07400236234472932,6.181728948762878e-5,9,51,1.4237015251147844e-5,53,77,4.078606225609794,3,5,6.953258310109928e-6,97,57
9900,0.03439393871971245,3.2375793101169226e-5,97,49,1.4256392748154129e-5,57,71,1.413145278865133,3,5,4.950629618903982e-6,98,53
10000,0.08324512961253423,5.0239852357185366e-5,91,51,1.5798511239402402e-5,51,21,6.383616857749118,5,3,5.654416964652811e-6,96,56
10100,0.04682942377993848,4.1136991492227507e-5,6,51,8.432510279963307e-6,53,20,1.9927794404850048,4,4,5.649082609630873e-6,98,56
10200,0.059779545421659634,3.340627744607451e-5,29,50,1.593320664492609e-5,57,71,5.123734568451764,3,5,2.674698004118299e-6,95,61
10300,0.1039596589128833,4.7931012085174196e-5,95,51,8.138581086464952e-6,55,19,8.53143570930241,7,96,6.427142721652027e-6,97,55
10400,0.03554173165260566,1.547889465748414e-5,77,49,1.3234393453864096e-5,50,22,2.4507439958171098,7,96,1.2616630051202199e-6,93,58
10500,0.05611207931547232,4.547350003499678e-5,8,51,8.873148392780222e-6,53,79,2.534410722804983,4,4,5.3606379177267155e-6,97,57
10600,0.019318715840656718,1.742627531710339e-5,98,49,1.1878729013491823e-5,58,71,0.7920213185305787,3,5,2.785777156594227e-6,99,52
10700,0.07306957846657196,3.97091651998735e-5,92,51,1.1036970894280629e-5,51,21,5.912165054348163,7,96,4.67701667227708e-6,96,56
10800,0.028868511017797464,2.5221864823051464e-5,5,51,7.2931101149538435e-6,52,21,1.3583449054267969,7,96,3.562964527545863e-6,98,56
10900,0.03933165831043529,2.8739504441353987e-5,11,50,1.152540933484214e-5,56,72,2.6183190370502762,3,5,2.6633522928723626e-6,95,60
11000,0.07670157927070531,3.2066417336433506e-5,95,50,4.591926028949672e-6,53,76,6.595251817751472,4,4,4.411331758591257e-6,97,55
11100,0.1316473759573182,1.6617424413978808e-5,77,49,1.0290497840143714e-5,50,22,12.863932146788597,7,96,1.5409488737807252e-6,94,58
11200,0.04526264985783789,3.2305024544431425e-5,8,51,5.271165768903213e-6,52,80,2.9525585490005506,4,4,3.976910148764667e-6,97,56
11300,0.013504454707568933,8.509958748070812e-6,99,49,9.545854447821217e-6,58,70,0.8161649875765421,4,4,1.4164771363900375e-6,99,51
11400,0.08764149724854099,3.0133993969706785e-5,93,51,7.5151183066626825e-6,52,20,8.024392375769319,7,96,3.6693545581410747e-6,96,56
11500,0.016926875096473226,1.4600622575372361e-5,4,50,6.223267382490794e-6,51,21,0.9051620354689403,7,96,2.1083602151248867e-6,99,55
11600,0.03157428568087677,2.3615069593748567e-5,11,50,8.041677205628678e-6,56,72,1.828122417031192,4,4,2.403386284112116e-6,96,58
11700,0.15048690008273508,2.0564064199063425e-5,96,50,4.409724985662139e-6,54,74,14.738802639016257,4,4,2.944875494147181e-6,98,54
11800,0.0355499720072572,1.5680046462880973e-5,78,49,7.74182603630394e-6,50,22,2.9827107701277624,7,96,1.587679067375624e-6,95,57
11900,0.036493861630216666,2.216093735521365e-5,7,51,2.9823161109276963e-6,62,97,2.7775323952880435,4,4,2.8402054610965344e-6,97,56
12000,0.014012123608405336,7.33547577825254e-6,29,49,7.4706577480217196e-6,58,70,1.082054027044827,4,4,6.161606358884297e-7,100,51
12100,0.039326197963699884,2.217962710680116e-5,93,51,4.8578620315681276e-6,52,20,2.663859943698508,7,96,2.7985793007393595e-6,97,55
12200,0.009588971368738208,7.85191932698619e-6,4,50,5.258477046701793e-6,50,22,0.4348072332088051,7,96,1.1826429851657244e-6,99,55
12300,0.029598714507088147,1.8629189595146048e-5,10,51,5.3798230538019964e-6,54,74,2.196964117618436,4,4,2.021456261365115e-6,96,58
12400,0.04346844455730948,1.2558600788595276e-5,97,50,4.0808277469300824e-6,56,72,4.1089479048117825,4,4,1.8679320428413582e-6,98,53
12500,0.023587360902065285,1.369064069923348e-5,90,51,5.682743962159148e-6,50,22,1.5813949439502077,7,96,1.4845610751229414e-6,95,57
12600,0.024224795925878943,1.4690542383085856e-5,6,51,1.8168503514472134e-6,54,20,1.825006234965194,4,4,1.9611051549281444e-6,98,56
12700,0.01636615442409988,7.882180795081017e-6,29,50,5.700925488801023e-6,58,70,1.3954441254221694,4,4,5.670756028828237e-7,94,62
12800,0.029228875904781515,1.5829137420507455e-5,94,51,2.933666977948668e-6,53,20,2.1457573094338067,4,4,2.066471598655313e-6,97,55
12900,0.007078936176618914,3.832495202703984e-6,3,50,4.331895560070326e-6,50,22,0.48543538752992843,4,4,5.739343576834782e-7,99,56
13000,0.029856810953123966,1.4137545908229215e-5,9,51,3.445785633302695e-6,53,75,2.5604475521996126,4,4,1.6119268426402836e-6,97,56
13100,0.01807798768704175,7.2588442332904846e-6,97,49,3.5990978880240387e-6,57,70,1.638348621824972,4,4,1.114010690881316e-6,98,53
13200,0.01900365872549609,1.1329077054408887e-5,91,51,4.0621920942250644e-6,50,21,1.1831955633683782,4,4,1.2858480061524527e-6,96,57
13300,0.014330173099343197,9.39769367453401e-6,6,51,1.8161064501698299e-6,52,20,0.9986842426757432,4,4,1.3031678964886204e-6,98,56
13400,0.019326592752518502,7.467441326721412e-6,12,50,4.218935138342039e-6,57,70,1.7533485491525658,4,4,6.408886604656293e-7,95,60
13500,0.024979008043586506,1.0910200933203495e-5,95,51,1.6273036101905128e-6,52,5,2.1381518633400156,4,4,1.4681725905478851e-6,97,55
13600,0.007335443170413251,3.2984484748810328e-6,77,49,3.4587936012693554e-6,50,22,0.5817105046590871,4,4,2.7917767272131813e-7,93,59
13700,0.027386680763970883,1.0352696958353808e-5,8,51,2.086011457864273e-6,53,78,2.4790238017959223,4,4,1.2470044462274676e-6,97,56
13800,0.012846016272842516,3.934645690234495e-6,98,49,3.0475796532827837e-6,58,70,1.208573413128011,4,4,6.312125894435139e-7,99,53
13900,0.016224800490159265,8.970089122331548e-6,92,51,2.7995332555763586e-6,51,21,1.1900191367391735,4,4,1.0617660842213508e-6,96,57
14000,0.008061646717716881,5.755409991197759e-6,5,51,1.727832057912132e-6,51,21,0.5071274376830479,4,4,8.217687498205534e-7,98,56
14100,0.022174986625091597,6.523559644999212e-6,11,50,3.016829563159268e-6,57,70,2.0883256526324803,4,4,6.256152176469833e-7,95,60
14200,0.020100482026793553,7.258304437950114e-6,95,51,9.760887484354386e-7,53,75,1.8226527144345188,4,4,1.0030272538721907e-6,98,54
14300,0.00782348045175999,3.654723053198982e-6,77,49,2.6845420065604864e-6,50,23,0.6456686412097463,4,4,3.483886558811912e-7,94,59
14400,0.01941662566377194,7.348220593552876e-6,8,51,1.2774293047298352e-6,58,97,1.751325939491511,4,4,9.240863173554104e-7,97,56
14500,0.013854977265125343,1.914280248010991e-6,99,49,2.489958047679e-6,58,69,1.3489857073420213,4,4,3.1861569462811323e-7,99,51
14600,0.013912244877683918,6.840812928468609e-6,93,51,1.8432906835549878e-6,51,21,1.1265790342361126,4,4,8.358061719827142e-7,96,56
14700,0.004482822848403563,3.317358750031061e-6,4,50,1.5653690724412583e-6,50,22,0.267618124790554,4,4,4.881234664652276e-7,99,54
14800,0.021924778965213672,5.375837132670647e-6,10,51,2.0790679255526523e-6,56,71,2.0947743344278056,4,4,5.595614928632919e-7,96,58
14900,0.0131733627834546,4.655534540737305e-6,96,49,1.0426765553704642e-6,55,73,1.2047482922794046,4,4,6.68541336867369e-7,98,53
15000,0.007861901774675342,3.4898781418948865e-6,90,51,2.0257305486763577e-6,50,22,0.6675230799970803,4,4,3.595075289122493e-7,95,57
15100,0.011935457396580022,5.05515350851353e-6,7,51,7.318265052604078e-7,59,98,1.044610158638747,4,4,6.571774929398783e-7,97,56
15200,0.013948842343430716,1.5883694876386856e-6,13,49,1.9649802786743387e-6,58,69,1.3649313322314063,4,4,1.4081481737116333e-7,66,84
15300,0.01150059416509453,5.039252862749921e-6,93,51,1.1787509368432064e-6,49,6,0.9844740884746885,4,4,6.385727485463608e-7,97,55
15400,0.003038426236468294,1.779456936425259e-6,4,50,1.3555860734794367e-6,50,23,0.2266953672202223,4,4,2.742314046321956e-7,99,54
15500,0.016929470732832432,4.23628809024211e-6,10,51,1.3724761157296594e-6,55,72,1.612714626901168,4,4,4.6972522278407314e-7,96,58
15600,0.006975423880332161,2.8506317094473266e-6,97,49,1.0138745854607056e-6,57,71,0.6222505268702601,4,4,4.2454673000388854e-7,98,53
15700,0.007418420754177,3.0797855187364442e-6,91,51,1.481249573508786e-6,50,22,0.645524574529578,4,4,3.3640291881775405e-7,95,57
15800,0.007026625534744691,3.353323227180908e-6,6,51,3.7758470375001685e-7,60,99,0.5893218981401486,4,4,4.5245324972655737e-7,98,56
15900,0.011889955877313875,1.7661751566620115e-6,13,50,1.4989056995057953e-6,57,69,1.1598738976889467,4,4,1.3493663169336992e-7,94,62
16000,0.008853684983038844,3.5952942109215846e-6,94,51,7.193779376730644e-7,50,5,0.7784798246588922,4,4,4.706954005286382e-7,97,55
16100,0.0029314896035255596,8.719245718298487e-7,3,50,1.1287254584289863e-6,50,23,0.26144485910117365,4,4,1.3302143272476974e-7,99,54
16200,0.011344539054090991,3.216344469585998e-6,9,51,8.606394069372164e-7,55,96,1.0665408577803441,4,4,3.737185798984022e-7,97,56
16300,0.0035949125796134384,1.644437433834245e-6,97,49,9.19883198433058e-7,57,70,0.311672967792749,4,4,2.5280194511020926e-7,98,53
16400,0.006584140696667058,2.5600822854826566e-6,91,51,1.0522186655488597e-6,48,8,0.5837463073304969,4,4,2.9232335902861645e-7,96,57
16500,0.00398270103247681,2.1406976848858603e-6,6,51,4.214860466859871e-7,51,19,0.31554612599286547,4,4,3.0099843195859066e-7,98,54
16600,0.009166174676063116,1.6875052932770543e-6,12,50,1.1056384842337424e-6,57,69,0.8880883866241502,4,4,1.5002471026679537e-7,95,60
16700,0.006209527641250693,2.479181537173858e-6,95,51,4.091016644848164e-7,51,4,0.5496910927306835,4,4,3.341341236464887e-7,97,55
16800,0.0030748616260405557,7.085986107376735e-7,76,49,9.072426140621648e-7,50,23,0.2850839686261885,4,4,6.184446435649957e-8,93,59
16900,0.007323739360561415,2.3588146210095848e-6,8,51,5.480893799422043e-7,55,97,0.6761893583457322,4,4,2.882961272982279e-7,97,56
17000,0.0027152523304308195,8.896595495300197e-7,98,49,7.906737886035492e-7,58,69,0.25034767310077805,4,4,1.4305572089336888e-7,99,53
17100,0.005492588248879485,2.0334743882771678e-6,92,51,7.268072827731203e-7,48,7,0.4928551454744417,4,4,2.416966367003656e-7,96,57
17200,0.002158289623771242,1.311785941813734e-6,5,50,4.286510968329327e-7,50,21,0.15782451937245953,4,4,1.9002142097931246e-7,98,54
17300,0.006763314777604795,1.4783240019000318e-6,11,50,7.869723902282494e-7,57,69,0.6492823787640783,4,4,1.4548890041408274e-7,95,60
17400,0.0039340437126727384,1.6500477159758775e-6,95,51,2.1792770075329537e-7,53,75,0.3445193613417088,4,4,2.2845054345466131e-7,98,53
17500,0.0030364815657537903,8.057451235670039e-7,76,51,7.05951111210773e-7,48,10,0.283035877762917,4,4,7.823522815524064e-8,94,59
17600,0.004656439312731019,1.6744747283999398e-6,8,50,3.2782696527192123e-7,56,97,0.42107503073484365,4,4,2.1329307746831977e-7,97,56
17700,0.0026327014779120007,4.3274703023787886e-7,99,49,6.497062751478766e-7,58,68,0.25264112400699207,4,4,7.198844969441565e-8,99,51
17800,0.004300732404691783,1.5531379379402077e-6,93,51,4.830549976539075e-7,49,6,0.3880804650477406,4,4,1.902423800107661e-7,96,57
17900,0.00122458957092261,7.575528354446248e-7,4,50,4.0068930870149067e-7,50,23,0.08746806052520438,4,4,1.1273575257868262e-7,99,54
18000,0.004885431682298067,1.2203238912451148e-6,10,50,5.382065363154082e-7,56,69,0.4640891877061164,4,4,1.2964518966186722e-7,96,58
18100,0.00224687362382732,1.0595342435082422e-6,96,49,2.545944543137779e-7,56,72,0.19022397121119713,4,4,1.5230595305608385e-7,98,53
18200,0.0027851160883341545,7.825557712184961e-7,90,53,5.34989253972093e-7,48,9,0.25951367629837213,4,4,8.120097278688926e-8,95,57
18300,0.002890909437779245,1.1524994378868045e-6,7,50,1.8406609614447789e-7,56,98,0.2551168481524252,4,4,1.5165726699028353e-7,97,56
18400,0.002461881228847619,3.516451403812182e-7,13,50,5.135999087187842e-7,57,68,0.2377154015988116,4,4,3.697149005736991e-8,67,84
18500,0.0031588948069652552,1.1448431310109863e-6,93,51,3.062419707908909e-7,49,5,0.2849200834997975,4,4,1.4539745573673157e-7,97,55
18600,0.0009650597686908666,4.065572775779208e-7,4,50,3.5333536036429025e-7,48,12,0.08205113035301224,4,4,6.34959996421991e-8,99,54
18700,0.0034695237830974367,9.625834816399254e-7,10,50,3.5055820203980237e-7,55,69,0.32591671572162945,4,4,1.0852255801462041e-7,96,58
18800,0.0011763309921402445,6.490550885640545e-7,97,49,2.5691781083830856e-7,57,70,0.09293133130841007,4,4,9.667921713803901e-8,98,53
18900,0.00239139828230023,6.94684308015503e-7,91,53,3.9275076631380135e-7,48,8,0.22245229816507534,4,4,7.625265048159455e-8,95,57
19000,0.001724877090973208,7.651590482543949e-7,6,50,9.267632987246255e-8,57,99,0.147330604026925,4,4,1.0435735788016931e-7,98,54
19100,0.002147566771608457,3.961453037305829e-7,12,50,3.914982719937371e-7,57,68,0.20665345338745283,4,4,3.1602799815434734e-8,94,62
19200,0.0021756822825731562,8.180359736681408e-7,94,51,1.8347538382947753e-7,50,5,0.1948823159033513,4,4,1.0722298153346965e-7,97,55
19300,0.0009735713646646337,1.9972395216122894e-7,3,50,2.9746235230901363e-7,48,11,0.0906402896770997,4,4,3.104233540530965e-8,99,54
19400,0.0024156451277848184,7.318796067939948e-7,9,50,2.2822304055099274e-7,53,96,0.22427798857376258,4,4,8.615879629192413e-8,97,56
19500,0.0006709723390720151,3.7447212980490363e-7,97,49,2.3685049298054206e-7,57,69,0.05205886399723351,4,4,5.757183968186502e-8,98,53
19600,0.0019369430372068255,5.793569081841143e-7,92,51,2.7882369242442084e-7,48,7,0.17967726172404705,4,4,6.639707747328749e-8,96,57
19700,0.0009734363707308985,4.88871625357705e-7,6,50,1.0361759491747669e-7,49,14,0.07899312784540269,4,4,6.947452393501335e-8,98,54
19800,0.0017729887943084533,3.8042286169825967e-7,12,50,2.8788276315236394e-7,57,68,0.16956469255096907,4,4,3.483244169488753e-8,95,60
19900,0.0014015003956737331,5.648576100886205e-7,95,51,1.0256785951730935e-7,51,4,0.12357905838153126,4,4,7.61590409929444e-8,97,55
20000,0.0009650239246384017,1.5442302827520932e-7,75,51,2.406354932087129e-7,48,10,0.09152050161654186,4,4,1.62936163727867e-8,69,83
20100,0.0016401150059558523,5.373580698568581e-7,8,50,1.4374235220680764e-7,53,97,0.15035580785307767,4,4,6.642017300658581e-8,97,56
20200,0.000574748017307837,2.030633615979216e-7,98,49,2.0492474727372423e-7,57,69,0.051314281127368015,4,4,3.265619840948225e-8,99,51
20300,0.001487601402749016,4.613486388749255e-7,92,51,1.909194949252513e-7,48,7,0.13739691579872915,4,4,5.495806774426237e-8,96,57
20400,0.0005249579978935766,3.0014941521799843e-7,5,50,1.1029025627322386e-7,48,13,0.03939320235640595,4,4,4.3941200130771796e-8,98,54
20500,0.0014021163014303342,3.3452345545720297e-7,11,50,2.0390156760079214e-7,56,67,0.13316688869266402,4,4,3.364616824432301e-8,95,58
20600,0.0008377851134955677,3.7639459436050737e-7,95,49,5.142675087426579e-8,52,3,0.07159646458047046,4,4,5.212679455007113e-8,98,53
20700,0.0008888184062280439,1.7994355180114396e-7,75,51,1.8779296000366597e-7,48,9,0.08434901094904887,4,4,1.758317731042139e-8,94,59
20800,0.0010786703547131147,3.817357201243987e-7,8,50,8.49933972889294e-8,54,98,0.09742470382011846,4,4,4.91446714651414e-8,97,56
20900,0.0005820661219544849,9.922182063470952e-8,99,49,1.688210430807885e-7,57,68,0.055125609106699634,4,4,1.64945816146303e-8,99,51
21000,0.0010863086354076764,3.5320640786457025e-7,93,51,1.2587296269357673e-7,49,6,0.09966943218708149,4,4,4.3308783961859554e-8,96,57
21100,0.00031582376822536783,1.737763901253804e-7,4,50,1.0519232908172416e-7,48,12,0.023837566143493923,4,4,2.6102036646685756e-8,99,54
21200,0.0010693472364298854,2.768711831468984e-7,10,50,1.3841837698605475e-7,56,67,0.10082956646059332,4,4,2.989237225369673e-8,96,58
21300,0.0004592135605717152,2.42173035569504e-7,96,49,6.374399855874069e-8,55,72,0.03673624203911026,4,4,3.479499971394823e-8,98,53
21400,0.0007652907695531137,1.76203269593167e-7,90,53,1.4162294948230625e-7,48,9,0.07235728158856015,4,4,1.8353905689976607e-8,95,59
21500,0.000681651749157974,2.631606771177908e-7,7,50,4.5953294846440285e-8,54,98,0.06037681045449649,4,4,3.497040743961899e-8,97,56
21600,0.0005579431215888264,7.77735710711519e-8,13,48,1.333654737496054e-7,57,67,0.05345442508682773,4,4,9.709706094707116e-9,68,86
21700,0.0007542045681253997,2.608811890819629e-7,93,51,7.906323687932593e-8,49,5,0.06849623344466342,4,4,3.314553027097128e-8,97,55
21800,0.00026909950533359427,9.365706929356094e-8,4,50,9.341795235984218e-8,48,11,0.023593617739124852,4,4,1.4799179139102225e-8,99,54
21900,0.0007890561231894235,2.1872867930327472e-7,10,50,9.178773058456102e-8,52,96,0.07384401055604828,4,4,2.5003492509084735e-8,96,58
22000,0.0002363009318949198,1.4875464098007551e-7,97,49,6.566824571618834e-8,56,70,0.016549149663560074,4,4,2.2137556484995435e-8,98,53
22100,0.0006222853385750469,1.573122446196784e-7,91,53,1.0348466219535501e-7,48,8,0.05852594682189636,4,4,1.7302650460408048e-8,95,57
22200,0.00041025109811923126,1.7507170782570317e-7,6,50,2.2587932790689436e-8,55,99,0.03530991016728472,4,4,2.4086380672957985e-8,98,54
22300,0.0004975436501383551,8.880722036311989e-8,12,50,1.0143420038806472e-7,56,67,0.04764649201802671,4,4,7.924594593380907e-9,67,84
22400,0.0004958536505500126,1.8684671809765518e-7,94,51,4.6596595793674256e-8,50,4,0.044299156116763376,4,4,2.44823646477349e-8,97,55
22500,0.0002663349545808612,4.640640226326147e-8,3,50,7.868285488953075e-8,48,10,0.02491192048701324,4,4,7.351002095229431e-9,99,52
22600,0.0005638984424734237,1.6664200519836414e-7,9,50,5.968967087092991e-8,52,97,0.052350464288791004,4,4,1.9846760284693288e-8,97,56
22700,0.00014900742913896524,8.624120376166111e-8,97,49,6.101362908482455e-8,57,69,0.010838208230875052,4,4,1.323820316301988e-8,98,53
22800,0.00048109067375359495,1.3171569464287547e-7,92,51,7.304906904891106e-8,48,7,0.044948532892328544,4,4,1.5111375035840868e-8,96,57
22900,0.00023442659214656015,1.1214076151531971e-7,6,50,2.6519024406979064e-8,49,13,0.019288532819018975,4,4,1.6085499253762348e-8,98,54
23000,0.0004187761978168943,8.581509464838932e-8,11,50,7.432971427766277e-8,56,66,0.03995930302698934,4,4,8.076463138897982e-9,95,60
23100,0.00030561843420823644,1.2936863414553246e-7,95,51,2.544879519703752e-8,51,4,0.026518312961875103,4,4,1.7428693404285267e-8,97,55
23200,0.00025230515364508676,3.561653212288962e-8,73,53,6.351846346987211e-8,48,10,0.02393675617334517,4,4,4.4770386321835165e-9,70,85
23300,0.00039017714349182407,1.2262374897691747e-7,8,50,3.711699378579347e-8,52,97,0.03589840577593378,4,4,1.5318285933110798e-8,97,56
23400,0.0001448702989213568,4.714124783589124e-8,98,49,5.292493233076401e-8,57,68,0.012900321849917653,4,4,7.570118182483043e-9,99,51
23500,0.0003546889178053426,1.053058597544343e-7,92,51,4.9633822596199806e-8,48,6,0.03285568370245734,4,4,1.2543079241054966e-8,96,57
23600,0.0001319871009040733,6.914802143723198e-8,5,50,2.881759584259791e-8,48,12,0.010286306881020842,4,4,1.0230758259663353e-8,98,54
23700,0.00033680707636401575,7.580911137814589e-8,11,50,5.2388476648804194e-8,56,66,0.031995350338151096,4,4,7.792995630750976e-9,95,58
23800,0.00017320516649179613,8.659309497921486e-8,95,49,1.317009688112103e-8,56,88,0.014130800469046799,4,4,1.1970975484325297e-8,98,53
23900,0.00022268309524692864,4.2118357826588515e-8,72,53,4.940938666021799e-8,48,9,0.021122251001948943,4,4,4.001334817736041e-9,94,59
24000,0.00026117657039018767,8.732328907537501e-8,8,50,2.170626368404316e-8,52,98,0.023776990650879362,4,4,1.1361224101259781e-8,97,56
24100,0.0001504317039758652,2.3420717074063013e-8,99,47,4.3581888750643394e-8,56,68,0.014210290041855957,4,4,3.888083929468045e-9,99,51
24200,0.00024918373903272704,8.093549372367725e-8,93,51,3.2351166684777e-8,49,6,0.022805090362073944,4,4,9.915660755151212e-9,96,57
24300,8.5733437217432e-5,4.0312463150168204e-8,4,50,2.7633005933794252e-8,48,12,0.0068639857012376335,4,4,6.123455981860149e-9,99,52
24400,0.00026102523696508846,6.298288999714852e-8,10,50,3.5408222524152544e-8,52,95,0.024682523542987903,4,4,6.922146384737149e-9,96,58
24500,8.806198357702176e-5,5.602113724301194e-8,96,49,1.6190500343182812e-8,55,72,0.006043027202389132,4,4,8.032245472910926e-9,98,53
24600,0.00018450413644117007,4.162256204238643e-8,72,53,3.710362720017735e-8,48,8,0.017411481764939424,4,4,4.204246004720774e-9,95,59
24700,0.00016919135558524212,6.042031831972328e-8,7,50,1.1526623377999812e-8,53,99,0.015207160986768315,4,4,8.117446667968431e-9,97,56
24800,0.00014484412556791507,1.7404493824445255e-8,13,48,3.437113528341473e-8,56,67,0.013862128725011552,4,4,2.5708730270503077e-9,69,86
24900,0.0001659192919663655,6.008978931104636e-8,93,51,2.014349771619489e-8,49,5,0.014898200237810452,4,4,7.617861775416346e-9,97,55
25000,7.246520527011062e-5,2.2026441683174053e-8,4,50,2.4556921003615617e-8,48,11,0.006393601409019153,4,4,3.533993672352742e-9,99,52
25100,0.00019613098943949855,4.9933458669097763e-8,9,50,2.390003874495894e-8,52,96,0.01846267843938722,4,4,5.803851884332578e-9,96,58
25200,4.440166080825735e-5,3.469862258631551e-8,97,49,1.6836928174585042e-8,56,70,0.0021579520912045364,7,96,5.153813744697422e-9,98,53
25300,0.00014462137701823843,3.746254196787535e-8,72,53,2.6896725079800232e-8,48,8,0.013537116180148492,4,4,3.982460285156808e-9,95,57
25400,0.00010671477867870349,4.04040435644272e-8,6,50,5.457928836313797e-9,53,99,0.009449779301447426,4,4,5.62292109054785e-9,98,54
25500,0.00013017549902343085,2.0120881410665148e-8,12,48,2.6065661219709657e-8,56,66,0.012480904544288096,4,4,2.0739464512073424e-9,67,84
25600,0.00010343960947097324,4.328568473099814e-8,94,51,1.176399139646983e-8,50,4,0.008968281825495684,4,4,5.657269690033384e-9,97,55
25700,6.73415067067769e-5,1.1191534422501717e-8,3,50,2.064495725762061e-8,48,10,0.0062175592661888705,4,4,1.823316342526582e-9,99,52
25800,0.00014367413855821576,3.820679211636452e-8,9,50,1.5428008532172854e-8,52,97,0.013467470793133145,4,4,4.62600300253635e-9,96,56
25900,3.8602642971964876e-5,2.0455258042950675e-8,97,49,1.5680685618024715e-8,56,69,0.0028451933355692896,4,4,3.128188272652488e-9,98,53
26000,0.00010763421765651299,3.1782392813026195e-8,71,53,1.8876594261654778e-8,48,7,0.009955909433075599,4,4,3.499005907930952e-9,96,57
26100,6.705034261481398e-5,2.6129387764584067e-8,96,50,6.905412831825775e-9,48,13,0.005857963501056818,4,4,3.7931341565974885e-9,98,54
26200,0.00011125753525450784,1.9602569995176566e-8,11,50,1.902525907995778e-8,56,66,0.010654295224029506,4,4,1.9246359718623485e-9,95,60
26300,5.9073649349043586e-5,3.020188780317179e-8,95,51,6.249513582849697e-9,51,4,0.004722547032219416,4,4,4.058801949917423e-9,97,55
26400,6.044585595529927e-5,1.0080692622663201e-8,71,55,1.6590589799539424e-8,48,9,0.005635660919833779,4,4,1.2455145404627332e-9,70,85
26500,0.00010331452629440924,2.8271995078377188e-8,8,50,9.448563945135824e-9,52,97,0.009648557619650729,4,4,3.591471658265233e-9,97,56
26600,4.498758214514685e-5,1.1486238279956318e-8,98,47,1.3597343600027512e-8,56,68,0.004091423992686534,4,4,1.8365994402386177e-9,99,51
26700,7.604651873843861e-5,2.587280076900983e-8,71,53,1.2752206380271802e-8,49,6,0.006904591458497224,4,4,2.925112149894382e-9,96,57
26800,4.4337286945054034e-5,1.638531255121478e-8,97,50,7.54763933817626e-9,48,12,0.0038673236280951737,4,4,2.4532087672043956e-9,98,54
26900,9.179932832378478e-5,1.7869354199465115e-8,68,52,1.3344856546193551e-8,55,64,0.008774073408844512,4,4,1.8598144317996668e-9,95,58
27000,3.0451394869107156e-5,2.0685774028590675e-8,72,53,3.4670781974555087e-9,56,88,0.0018563880989380813,4,4,2.820918156183627e-9,98,53
27100,5.118308931304612e-5,1.1670637713179222e-8,71,55,1.2840022043866806e-8,48,9,0.004747909114665939,4,4,1.0210158725432184e-9,68,83
27200,7.371212858985989e-5,2.0731729556168477e-8,69,52,5.469933547774808e-9,52,98,0.0068652073875638975,4,4,2.689212226167359e-9,97,56
27300,4.817050335441862e-5,6.006802374947107e-9,99,47,1.1174096842259118e-8,56,67,0.004564516766591036,4,4,9.958807918944435e-10,99,51
27400,5.0908085397049086e-5,2.0434432782164003e-8,71,53,8.223946153414208e-9,49,5,0.004474518775402906,4,4,2.3343732728081656e-9,96,57
27500,3.29496023836708e-5,9.793912694733287e-9,97,48,7.23139737326961e-9,48,11,0.0029179373748332658,4,4,1.5099406005039673e-9,99,52
27600,7.405156507931818e-5,1.5636744091392096e-8,69,52,9.149448769799062e-9,51,96,0.007064296321681192,4,4,1.6618723168437821e-9,96,58
27700,1.7816406022310208e-5,1.393962247020486e-8,71,53,4.224139132230631e-9,55,89,0.0007493596100476578,7,96,1.9261523574037875e-9,98,53
27800,4.1141128550841065e-5,1.1624919956342017e-8,71,55,9.598932509957692e-9,48,8,0.0037628186576416367,4,4,1.0253113228234079e-9,95,59
27900,5.309226363485605e-5,1.5057907101767576e-8,70,52,2.8743674324385737e-9,52,99,0.0049381830558706255,4,4,1.949163050581071e-9,97,56
28000,4.7382984262095514e-5,5.510185044355076e-9,89,88,8.78869755964462e-9,56,66,0.004533703642049198,4,4,7.132674247241344e-10,69,86
28100,3.2530462428461634e-5,1.579187781063085e-8,71,53,5.071948888657474e-9,50,5,0.0026872662739198293,4,4,1.8163741144841539e-9,97,55
28200,2.7504105041475866e-5,5.672086814123567e-9,98,48,6.399322811240227e-9,48,10,0.00247278288114264,4,4,9.157179120880543e-10,99,52
28300,5.912092480587094e-5,1.3141425112168925e-8,70,54,6.133774620165067e-9,51,96,0.00563030695134764,4,4,1.4080288263454421e-9,96,58
28400,1.9144598679255e-5,9.280924575735816e-9,71,55,4.313539182093651e-9,55,70,0.001459329226123753,4,4,1.271090761291449e-9,98,53
28500,3.189837529546481e-5,1.0714725219920784e-8,71,55,6.920094558146572e-9,48,7,0.002850841544112676,4,4,9.793099777291592e-10,95,59
28600,3.9551515650403664e-5,1.0822367127460986e-8,70,54,1.3060082971680376e-9,52,99,0.003678417124454843,4,4,1.3793303270392965e-9,98,54
28700,4.420843250919948e-5,6.4798002094232365e-9,71,58,6.641633191334373e-9,55,66,0.004236895990627829,4,4,5.808823346376696e-10,68,84
28800,2.1193562194193453e-5,1.2035303549769172e-8,71,53,2.937712975659146e-9,50,4,0.0015887446837534514,4,4,1.3730662362307355e-9,97,55
28900,2.436513273533664e-5,4.2121056941825386e-9,89,91,5.361181781501911e-9,48,10,0.0021984151595790848,4,4,5.218198104520178e-10,99,52
29000,4.733494320993621e-5,1.07648431505597e-8,70,54,3.933551337084729e-9,51,97,0.004500332535433327,4,4,1.1399858080088365e-9,96,58
29100,2.3224045758349766e-5,6.203503571944324e-9,71,57,4.0117252401994374e-9,55,68,0.0020830306010891347,4,4,8.090089310269777e-10,98,53
29200,2.4624863640105408e-5,9.435703282080488e-9,71,55,4.820315702147582e-9,49,7,0.0021342279224854255,4,4,8.728312543213046e-10,96,57
29300,3.120045730249121e-5,7.772597209083909e-9,71,56,1.8097325860111368e-9,48,12,0.0029012966765396904,4,4,9.610091836892432e-10,98,54
29400,4.004854904733579e-5,6.63016923134474e-9,71,58,4.830064903593723e-9,55,64,0.003833976176882984,4,4,5.189171605433918e-10,95,60
29500,1.6993284459433278e-5,9.127047762534646e-9,71,55,1.5373593448622658e-9,51,3,0.001277580175018069,4,4,1.0106598370696052e-9,97,55
29600,2.2096669503517983e-5,4.574475196209016e-9,74,69,4.2893602471977266e-9,48,9,0.0019850724708490993,4,4,3.799319600247819e-10,70,85
29700,3.853176314963678e-5,8.690387505103092e-9,70,54,2.37653862041054e-9,51,97,0.003655856612363155,4,4,9.049401722763251e-10,97,56
29800,2.573643798364623e-5,4.307704951425628e-9,73,65,3.4713887563098123e-9,55,68,0.002397160701609198,4,4,5.144015274502478e-10,99,51
29900,2.002335575117976e-5,8.087144178284267e-9,71,55,3.239324682623168e-9,49,6,0.0016937851799383482,4,4,7.444598947720094e-10,96,57
30000,2.6301529331070086e-5,5.6736173831978265e-9,71,58,1.9692313422275953e-9,48,12,0.002441410385819881,4,4,6.539090918050716e-10,98,54
30100,3.582278193808932e-5,6.311589466345691e-9,71,58,3.397902962470889e-9,51,95,0.003421294569009249,4,4,5.041166551041087e-10,95,60
30200,1.7547905948402254e-5,6.958244662749746e-9,71,57,9.211781754059345e-10,56,89,0.0014709083049668364,4,4,7.303523532481426e-10,98,55
30300,2.0436708819427932e-5,4.871977436066155e-9,73,65,3.300358568034123e-9,48,8,0.0018260367664958946,4,4,3.187888720362908e-10,68,83
30400,3.2269593294684884e-5,6.993037491957732e-9,71,56,1.3620387361371056e-9,51,98,0.0030528421254664103,4,4,6.991688261334672e-10,97,56
30500,2.663714305602752e-5,3.933266516306655e-9,100,100,2.8451349817770755e-9,55,66,0.0025082714940185494,4,4,3.210290401567395e-10,99,51
30600,1.808231980434254e-5,6.837712205470803e-9,71,57,2.0744535993502677e-9,49,5,0.0015367728757757651,4,4,6.112426068766164e-10,96,57
30700,2.3475219089950498e-5,4.311792134274739e-9,72,64,1.8812641609453062e-9,56,63,0.0021715835971371357,4,4,4.3769876698768195e-10,99,52
30800,3.2033187417621925e-5,5.776476779545403e-9,71,58,2.3394157531303472e-9,51,96,0.003049612756520136,4,4,4.5925847499961314e-10,96,58
30900,1.9336699510571506e-5,5.40467421858426e-9,71,59,1.112362944810652e-9,55,89,0.0017253099398032757,4,4,5.262241805498169e-10,98,53
31000,1.9409309543649935e-5,4.83539526995036e-9,72,63,2.4562745032374877e-9,49,8,0.0017318174195464719,4,4,3.1031753035259957e-10,95,61
31100,2.7985098724448285e-5,5.668814059660299e-9,71,58,7.135776899924728e-10,50,3,0.0026372290875102643,4,4,5.299069351719088e-10,97,56
31200,2.6478614834153323e-5,3.8638545999877816e-9,100,100,2.2306486605755405e-9,55,66,0.00250017727829704,4,4,2.7918766604129175e-10,100,96
31300,1.7957991775718e-5,5.7653590269934885e-9,71,59,1.2634004328826443e-9,50,5,0.001566645970066598,4,4,4.947631297713695e-10,97,57
31400,2.1818120837461158e-5,3.745418457150318e-9,100,100,1.6556148986490715e-9,48,10,0.0020107593086157345,4,4,3.002830761822395e-10,99,52
31500,2.8883243251176127e-5,5.182920264842905e-9,71,60,1.5542625797504428e-9,51,96,0.0027393249841501607,4,4,4.0119220359041696e-10,96,58
31600,2.0787837122140537e-5,4.347403573419506e-9,72,63,1.1168796061611364e-9,54,90,0.0019045511197992716,4,4,3.761661208218081e-10,98,55
31700,1.8958956538400998e-5,4.609117486113756e-9,72,63,1.761008743342285e-9,49,7,0.0016981561339803265,4,4,2.9977365294947544e-10,95,61
31800,2.5121159228865067e-5,4.68451199272385e-9,72,62,3.7171901320909306e-10,55,89,0.0023567073346017213,4,4,4.000843189730374e-10,98,54
31900,2.5744728710034026e-5,3.7857147416886505e-9,100,100,1.6800911634140547e-9,55,64,0.0024298942515993066,4,4,2.7738057033557806e-10,100,96
32000,1.8595734272403917e-5,4.901236561570543e-9,72,61,7.273713489158729e-10,50,4,0.0016630917608743817,4,4,3.9381005748073683e-10,97,57
32100,2.082425437764906e-5,3.6610845154105842e-9,100,100,1.37900436729399e-9,48,10,0.0019139654071361081,4,4,2.7234277506782423e-10,100,96
32200,2.638920462942154e-5,4.6241751651757146e-9,72,62,9.940794940682673e-10,49,5,0.00249244183606616,4,4,3.405730402555873e-10,97,58
32300,2.1613464443526526e-5,3.675378991603584e-9,100,100,1.0216636738002993e-9,55,70,0.00200281035497477,4,4,2.722163323747029e-10,100,97
32400,1.8912764170541784e-5,4.3036044311550725e-9,73,65,1.2184652705207744e-9,49,6,0.001705881479360822,4,4,2.7646850867674155e-10,96,59
32500,2.3214539454230477e-5,3.989648817044611e-9,73,66,5.025726466934e-10,53,90,0.002168225300399028,4,4,3.035693198552569e-10,98,54
32600,2.476533254431931e-5,3.741284835753755e-9,75,72,1.2173063997783506e-9,55,64,0.0023332823711245117,4,4,2.7338100012930244e-10,100,96
32700,1.932395232864185e-5,4.235927917456417e-9,73,65,3.7480080671004057e-10,51,3,0.0017570181641394437,4,4,3.1086036696159614e-10,97,57
32800,2.022316546633289e-5,3.5876367857415326e-9,100,100,1.0972882203558187e-9,48,9,0.0018565840580304542,4,4,2.646572570472183e-10,100,97
32900,2.4469536390219912e-5,4.141482900545113e-9,73,66,5.988414477839377e-10,49,5,0.0023015104318161992,4,4,2.8637794999980537e-10,97,58
33000,2.1908249282596746e-5,3.6168251024357168e-9,100,100,8.810562210359585e-10,55,68,0.0020399877318693065,4,4,2.638395162068985e-10,100,97
33100,1.906755012955255e-5,3.9873512061583405e-9,73,67,8.153018321230276e-10,49,6,0.001732651547844245,4,4,2.688742501213981e-10,100,97
33200,2.1927575403296355e-5,3.5943342443015003e-9,100,100,5.258176845324147e-10,53,90,0.0020403558690959547,4,4,2.6940020570256906e-10,100,96
33300,2.3737314801513267e-5,3.632236423960211e-9,75,72,8.641695258687632e-10,51,95,0.0022310881428745004,4,4,2.6816915485103343e-10,100,96
33400,1.986489102028163e-5,3.749262901010797e-9,74,69,2.4562571768194097e-10,57,89,0.0018241002856873396,4,4,2.652711548686848e-10,100,97
33500,1.9857888159096493e-5,3.5209502041375074e-9,100,100,8.41790786382246e-10,49,8,0.0018234819927237422,4,4,2.6060401796604293e-10,100,97
33600,2.3008183672953268e-5,3.749204107762749e-9,74,70,3.3979140508233474e-10,49,4,0.0021556802338402003,4,4,2.686353726272239e-10,100,96
33700,2.1833955112826444e-5,3.552992088907969e-9,100,100,7.198557184368015e-10,55,66,0.0020366890550856773,4,4,2.5748274172510133e-10,100,96
33800,1.926374942423596e-5,3.6952701462991677e-9,74,69,5.173824519852377e-10,49,5,0.0017615853461732383,4,4,2.620914934733931e-10,100,97
33900,2.1034389961579174e-5,3.5152081263173374e-9,100,100,4.890829130577146e-10,52,92,0.0019517987033247665,4,4,2.6096996352115154e-10,100,96
34000,2.2763084725915434e-5,3.5436665841298565e-9,100,100,5.910387075591661e-10,51,96,0.002134017859527389,4,4,2.623954959563024e-10,100,96
34100,2.0155111086877462e-5,3.484123540023476e-9,100,100,2.913751982747126e-10,55,89,0.0018612326058625734,4,4,2.5786526993559766e-10,100,97
34200,1.9625205267332455e-5,3.458282756517439e-9,100,100,6.230856941513707e-10,49,8,0.001804127385470686,4,4,2.5592942088509263e-10,100,97
34300,2.1891671099099267e-5,3.500338278776549e-9,100,100,1.7847814632460102e-10,51,3,0.0020442020669631062,4,4,2.6079375985144093e-10,100,96
34400,2.1531900517198524e-5,3.4865739826500652e-9,100,100,5.62506921250594e-10,55,64,0.002008984271891707,4,4,2.5414967005921163e-10,100,96
34500,1.9406505585986512e-5,3.4442745964341492e-9,74,71,3.1293899242779144e-10,50,4,0.001783169365657147,4,4,2.556351805585444e-10,100,97
34600,2.038945350903812e-5,3.4428886564602523e-9,100,100,4.257234243951191e-10,55,61,0.001888510225720474,4,4,2.5388745533011514e-10,100,96
34700,2.1885300260488536e-5,3.467318862582225e-9,100,100,3.9117833711826977e-10,49,5,0.002046592573556753,4,4,2.5646881016486156e-10,100,96
34800,2.0219620496652517e-5,3.4264882424472898e-9,100,100,2.8951878047744906e-10,54,91,0.0018729960453296702,4,4,2.513368866328969e-10,100,97
34900,1.9453654352378822e-5,3.3979053303684337e-9,100,100,4.432604092802217e-10,49,7,0.0017910082892502572,4,4,2.5095853043236027e-10,100,97
35000,2.1025170206853192e-5,3.4244057632928926e-9,100,100,1.0791172816437822e-10,57,90,0.001957957596602895,4,4,2.5376391309464563e-10,100,96
35100,2.1105075945831016e-5,3.4194043265281526e-9,100,100,4.224652416090491e-10,54,64,0.001968062106859666,4,4,2.5010298389596675e-10,100,96
35200,1.9454499081392584e-5,3.3758762339394788e-9,100,100,1.795189301032063e-10,51,4,0.001793630234113318,4,4,2.495707590241536e-10,100,97
35300,1.989889972596695e-5,3.375428627577781e-9,100,100,3.5192343310341823e-10,49,10,0.0018411739221807055,4,4,2.47791900713501e-10,100,96
35400,2.11127836037341e-5,3.3942496495756314e-9,100,100,2.515406207978521e-10,49,5,0.0019698492019105942,4,4,2.506278357593261e-10,100,96
35500,2.011007450982112e-5,3.366695496172245e-9,100,100,2.632491030718498e-10,53,91,0.0018657671093503683,4,4,2.4549840155554947e-10,100,97
35600,1.92956620614431e-5,3.338801390743995e-9,100,100,3.0677977866377937e-10,49,6,0.001779092768219384,4,4,2.4590219790954215e-10,100,97
35700,2.0335644820659102e-5,3.3534140724683636e-9,100,100,1.368678607949203e-10,55,90,0.0018897991276467844,4,4,2.474430946600159e-10,100,96
35800,2.0621393027003058e-5,3.3526643119716204e-9,100,100,3.07490932022203e-10,51,95,0.001921145054782745,4,4,2.456549629513416e-10,100,96
35900,1.94005625403812e-5,3.318884955923196e-9,100,100,8.963289138685937e-11,50,3,0.0017926741860566165,4,4,2.4389990678150286e-10,100,97
36000,1.9501198757267902e-5,3.3114207235659943e-9,100,100,2.781561456860482e-10,49,8,0.0018035200100702596,4,4,2.42399698403839e-10,100,96
36100,2.0437600477061555e-5,3.3244134823445792e-9,100,100,1.5055685777948247e-10,50,5,0.0019030788557717682,4,4,2.4499714236514425e-10,100,96
36200,1.9878552954391014e-5,3.305886201940278e-9,100,100,2.2357770496084228e-10,53,91,0.0018454428314266802,4,4,2.4061171024353234e-10,100,96
36300,1.9122846897309277e-5,3.2804308193468135e-9,100,100,2.0409771789298148e-10,50,6,0.0017654031322391949,4,4,2.408888527018205e-10,100,97
36400,1.976910601954812e-5,3.2863659623488806e-9,100,100,1.3958611003173083e-10,53,90,0.00183434156828208,4,4,2.41711262116695e-10,100,96
36500,2.0122091502879243e-5,3.287060173530476e-9,100,100,2.1791908902391022e-10,51,95,0.001872576182620805,4,4,2.4102041673232377e-10,100,96
36600,1.9255451917328037e-5,3.261119620873165e-9,100,100,6.568581789601069e-11,58,89,0.0017817380344489887,4,4,2.38590685836676e-10,100,97
36700,1.915575828041938e-5,3.2498873097849823e-9,100,100,2.133188643088646e-10,49,8,0.0017713304803168343,4,4,2.3749775453565936e-10,100,96
36800,1.9845085096616593e-5,3.2575723628996966e-9,100,100,8.365836148827022e-11,51,3,0.0018448436789462695,4,4,2.396280600162892e-10,100,96
36900,1.9568169081713582e-5,3.24489474005929e-9,100,100,1.8142853192015806e-10,54,64,0.0018167288129865367,4,4,2.3670327373506717e-10,100,96
37000,1.8921293867701058e-5,3.2225611779762575e-9,100,100,1.2821340343582843e-10,50,6,0.0017485102270771284,4,4,2.359897837041214e-10,100,97
37100,1.928653896727178e-5,3.2224436521954836e-9,100,100,1.2792734926936333e-10,53,92,0.0017876220858005318,4,4,2.364521143986831e-10,100,96
37200,1.962999529943595e-5,3.2229698458674516e-9,100,100,1.4913545398620442e-10,49,7,0.0018247503395886098,4,4,2.3634010330383926e-10,100,96
37300,1.9037054010125956e-5,3.203049625012666e-9,100,100,7.619733663477568e-11,56,89,0.0017628828270214094,4,4,2.3359680596107824e-10,100,97
37400,1.8836235214613487e-5,3.190175561218478e-9,100,100,1.5719306759032214e-10,49,8,0.0017418351453602503,4,4,2.3293188905482154e-10,100,96
37500,1.931929459269797e-5,3.193406383945885e-9,100,100,5.7984219856144215e-11,100,97,0.0017935382205620562,4,4,2.3452834336037953e-10,100,96
37600,1.9211168715606962e-5,3.184305075697169e-9,100,100,1.416613285010193e-10,52,93,0.001783078053631103,4,4,2.326114426944026e-10,100,96
37700,1.8686982210518618e-5,3.1651375262051196e-9,100,100,7.82972194024456e-11,51,4,0.0017280323767075196,4,4,2.3123883407041856e-10,100,97
37800,1.8860071437743917e-5,3.161008774177354e-9,100,100,1.0989675142125677e-10,52,92,0.0017467650620163822,4,4,2.3156367578644477e-10,100,96
37900,1.915613699686793e-5,3.160553095279961e-9,100,100,9.917160929268087e-11,50,5,0.001778824579287669,4,4,2.3170092884258753e-10,100,96
38000,1.8764201456394933e-5,3.145075482165194e-9,100,100,7.504034199579124e-11,55,91,0.001738186025453749,4,4,2.292082955726582e-10,100,96
38100,1.8526337077724784e-5,3.131869337653914e-9,100,100,1.1128947416394475e-10,50,8,0.0017133108747159342,4,4,2.2859510074788036e-10,100,96
38200,1.8845497224997426e-5,3.131584833462875e-9,100,100,5.4352741057916987e-11,100,97,0.0017476534362201165,4,4,2.296818551322799e-10,100,96
38300,1.8830036948685815e-5,3.1245003121252446e-9,100,100,1.0625308402220646e-10,54,60,0.0017468726389572513,4,4,2.2843111083248324e-10,100,96
38400,1.8421858453343813e-5,3.108203775088747e-9,100,100,5.590455876003375e-11,100,98,0.0017042097208254457,4,4,2.2664627162896633e-10,100,97
38500,1.847009713652138e-5,3.1015800275313588e-9,100,100,8.945423221606852e-11,55,59,0.0017097232425119064,4,4,2.2696186943726993e-10,100,96
38600,1.870454359201056e-5,3.0998349997979346e-9,100,100,6.368258004263438e-11,51,5,0.001735221173624401,4,4,2.2715219288871324e-10,100,96
38700,1.8453654694132543e-5,3.087515008416697e-9,100,100,6.769492258418275e-11,54,91,0.00170945798601312,4,4,2.252774759271825e-10,100,96
38800,1.821678079302921e-5,3.0747176133286147e-9,100,100,7.727043484229146e-11,50,6,0.0016847739326511719,4,4,2.2441588084370911e-10,100,96
38900,1.841122685890014e-5,3.07180080070385e-9,100,100,5.179004274047383e-11,100,97,0.0017058963759763398,4,4,2.250616273208328e-10,100,96
39000,1.8439538914156472e-5,3.065715580702344e-9,100,100,7.759206992197232e-11,51,95,0.0017096664442867626,4,4,2.2422958628753875e-10,100,96
39100,1.8130909279199218e-5,3.051846255743007e-9,100,100,5.297462989106716e-11,100,98,0.001677592058514343,4,4,2.2257874059475324e-10,100,96
39200,1.8103204560918615e-5,3.0438056875317643e-9,100,100,7.071669465286146e-11,49,8,0.0016750840512656455,4,4,2.225807693538584e-10,100,96
39300,1.8275274234515566e-5,3.0407628012762977e-9,100,100,5.4380945926912894e-11,100,97,0.0016939449280962313,4,4,2.227182457556487e-10,100,96
39400,1.8119058079498568e-5,3.030606059509222e-9,100,100,5.7159443844767566e-11,54,91,0.001678154750390599,4,4,2.2130518511492836e-10,100,96
39500,1.7903075438370077e-5,3.0185797594145525e-9,100,100,5.423062866827255e-11,100,98,0.0016557485209216835,4,4,2.20348704126766e-10,100,96
39600,1.8006455339885744e-5,3.013790040445885e-9,100,100,5.0827153250110335e-11,100,98,0.0016672165774202514,4,4,2.2063760974494473e-10,100,96
39700,1.804884781673991e-5,3.0080791650968774e-9,100,100,5.5338430018925244e-11,50,7,0.0016724202643396793,4,4,2.2005251527207337e-10,100,96
39800,1.7820181337449633e-5,2.9961624362084827e-9,100,100,5.0768750314844624e-11,100,98,0.0016488311894780775,4,4,2.1866258760258606e-10,100,96
39900,1.775047220498825e-5,2.9874375213206905e-9,100,100,5.410907139014043e-11,50,8,0.0016419023258861555,4,4,2.183708457115241e-10,100,96
40000,1.786648141669736e-5,2.983245789289768e-9,100,100,5.20177963203583e-11,100,97,0.0016547988287282094,4,4,2.1840750952586974e-10,100,96
40100,1.7770738397237625e-5,2.974515606914141e-9,100,100,5.2146316778522994e-11,100,97,0.001645369956253087,4,4,2.1732679674965616e-10,100,96
40200,1.7583833056914047e-5,2.9633846748006176e-9,100,100,5.1971631859215606e-11,100,98,0.001626087804794282,4,4,2.1636604140284899e-10,100,96
40300,1.762345501160536e-5,2.9573351875006315e-9,100,100,5.0290755934656595e-11,100,98,0.0016307988822039498,4,4,2.163813529396097e-10,100,96
40400,1.7663226556213494e-5,2.951646044767331e-9,100,100,5.229855437605124e-11,100,97,0.0016356825506088273,4,4,2.1592884034624116e-10,100,96
40500,1.7495594159072045e-5,2.941239975531862e-9,100,100,4.9356796427701966e-11,100,97,0.0016185589094230737,4,4,2.147656648875118e-10,100,96
40600,1.7406308265311127e-5,2.9323052215535217e-9,100,100,5.133802757906203e-11,100,98,0.001609582987285455,4,4,2.1429604792067014e-10,100,96
40700,1.747556709909051e-5,2.9271792680723996e-9,100,100,5.0137376889081153e-11,100,97,0.0016175056213433355,4,4,2.142191012251271e-10,100,96
40800,1.7416164618606816e-5,2.919351934672909e-9,100,100,5.093191493554805e-11,100,97,0.0016118905189965757,4,4,2.133691240184532e-10,100,96
40900,1.7259487301002757e-5,2.909102390404039e-9,100,100,5.0086695208007015e-11,100,98,0.0015958374500006953,4,4,2.124526535599025e-10,100,96
41000,1.7256487896810364e-5,2.9022649188428784e-9,100,100,4.948201050292145e-11,100,98,0.0015960344767041135,4,4,2.122679623219048e-10,100,96
41100,1.7285411649874993e-5,2.8964243529647216e-9,100,100,5.052507891234459e-11,100,97,0.0015997361318687152,4,4,2.1187572096098561e-10,100,96
41200,1.7162398519886554e-5,2.887152045216723e-9,100,100,4.884895786483323e-11,100,97,0.0015873315009915412,4,4,2.1089836864732203e-10,100,96
41300,1.706744658238933e-5,2.878292437724639e-9,100,100,4.9811339081218264e-11,100,98,0.0015777770884652072,4,4,2.103309618486926e-10,100,96
41400,1.7099854532782514e-5,2.8724603980123664e-9,100,100,4.862060580534955e-11,100,97,0.0015817789601421707,4,4,2.1014723078013886e-10,100,96
41500,1.706050062963149e-5,2.8651800524151505e-9,100,100,4.967387959298186e-11,100,97,0.0015782581873790044,4,4,2.0945171638753202e-10,100,96
41600,1.6931394700693984e-5,2.8557249403746154e-9,100,100,4.8509070024738143e-11,100,98,0.001565140607904432,4,4,2.0860083625728887e-10,100,96
41700,1.6901473024670956e-5,2.848445225349383e-9,100,100,4.852559847001725e-11,100,98,0.0015624885931726088,4,4,2.0827687144397977e-10,100,96
41800,1.691654397094906e-5,2.8423936208193945e-9,100,100,4.897551461602312e-11,100,97,0.0015646962503698975,4,4,2.0790221887806437e-10,100,96
41900,1.6824870592463738e-5,2.8339512386094112e-9,100,100,4.81323227802255e-11,100,97,0.0015556003819073858,4,4,2.07070500069656e-10,100,96
42000,1.673218531469325e-5,2.825323877631014e-9,100,100,4.84032848524496e-11,100,98,0.0015463018179235578,4,4,2.064583282980481e-10,100,96
42100,1.6736950514117878e-5,2.8189940382006284e-9,100,100,4.736733401344839e-11,100,97,0.001547362312870669,4,4,2.0618394968793807e-10,100,96
42200,1.670713674358842e-5,2.8120305970921744e-9,100,100,4.843681358779328e-11,100,97,0.001544827317999162,4,4,2.0558788829325159e-10,100,96
42300,1.660129833143492e-5,2.803254384696474e-9,100,100,4.7172625181057803e-11,100,98,0.0015341806332853797,4,4,2.0480762138314068e-10,100,96
42400,1.6555616975182986e-5,2.7957761826111205e-9,100,100,4.7505594943930696e-11,100,98,0.0015298623925211747,4,4,2.04391864544462e-10,100,96
42500,1.655687940327885e-5,2.7895182466014523e-9,100,100,4.761991322099757e-11,100,97,0.001530585615873454,4,4,2.0401186512711278e-10,100,96
42600,1.648633755727271e-5,2.7816727176874223e-9,100,100,4.729388408675206e-11,100,97,0.0015237155117759707,4,4,2.032903953681775e-10,100,96
42700,1.6399896488020964e-5,2.773349148423032e-9,100,100,4.712021571540159e-11,100,98,0.0015150884046690872,4,4,2.026667614112021e-10,100,96
42800,1.638484043608963e-5,2.7666986939303695e-9,100,100,4.6299521508363917e-11,100,97,0.0015140392282987755,4,4,2.023208887751149e-10,100,96
42900,1.6358212341420887e-5,2.7599112170997864e-9,100,100,4.725499852531456e-11,100,97,0.0015118202981273686,4,4,2.0178624309669102e-10,100,96
43000,1.6270959630777543e-5,2.751696020347749e-9,100,100,4.60609397845424e-11,100,97,0.0015031427058377004,4,4,2.0107252798537423e-10,100,96
43100,1.6217112837433767e-5,2.7441814662645947e-9,100,100,4.647410407898622e-11,100,98,0.001497962054552178,4,4,2.00600496283454e-10,100,96
43200,1.6206154996923367e-5,2.7377564573022317e-9,100,100,4.6423904651038406e-11,100,97,0.0014973728653013768,4,4,2.0020489432948096e-10,100,96
43300,1.6149270503174226e-5,2.73033428071362e-9,100,100,4.639458608957092e-11,100,97,0.001491936120102096,4,4,1.9956453720451628e-10,100,96
43400,1.6070546678055723e-5,2.7223355176034247e-9,100,100,4.59541623504256e-11,100,98,0.0014841316566603412,4,4,1.9894891376687207e-10,100,96
43500,1.604196415197506e-5,2.7155048973326323e-9,100,100,4.549585534696643e-11,100,98,0.0014816417814070267,4,4,1.985501511467258e-10,100,96
43600,1.6014979825883738e-5,2.7088144574638484e-9,100,100,4.6142029433426934e-11,100,97,0.0014793664263878072,4,4,1.980517100146073e-10,100,96
43700,1.5941944721010526e-5,2.701051811902777e-9,100,100,4.537967744633331e-11,100,97,0.0014721913699608773,4,4,1.9739629375514767e-10,100,96
43800,1.5884855360513256e-5,2.6936043794750786e-9,100,100,4.5461846093219904e-11,100,98,0.0014666682797699435,4,4,1.9689329767286212e-10,100,96
43900,1.5863924902246886e-5,2.687063575118609e-9,100,100,4.535475987832438e-11,100,97,0.0014650078303432043,4,4,1.9647973092257187e-10,100,96
44000,1.5815433134315357e-5,2.6799447687061995e-9,100,100,4.54737393573712e-11,100,97,0.0014604467304368475,4,4,1.9589761843935571e-10,100,96
44100,1.5744436632635413e-5,2.672258450978071e-9,100,100,4.488949836845002e-11,100,98,0.0014534621532616948,4,4,1.9530010378007723e-10,100,96
44200,1.5707151391584382e-5,2.6653545863453143e-9,100,100,4.468009469349443e-11,100,98,0.0014500437625391577,4,4,1.948648859460833e-10,100,96
44300,1.5678113465140842e-5,2.6587233196290194e-9,100,100,4.510010941094489e-11,100,97,0.0014475343870400332,4,4,1.9438663222473562e-10,100,96
44400,1.561558148986341e-5,2.651322033447867e-9,100,100,4.463367869744772e-11,100,97,0.0014414658366393872,4,4,1.9378007315093426e-10,100,96
44500,1.5558248122245304e-5,2.6440019791629243e-9,100,100,4.4484312067272214e-11,100,98,0.0014359163948908247,4,4,1.932634859438953e-10,100,96
44600,1.5529685584500747e-5,2.637398627616805e-9,100,100,4.438307533993768e-11,100,97,0.0014334347926025267,4,4,1.9283352735779968e-10,100,96
44700,1.548604309835096e-5,2.6304999524093264e-9,100,100,4.455706290040773e-11,100,97,0.001429374281216998,4,4,1.9229268091031093e-10,100,96
44800,1.5422031982377886e-5,2.623100527586464e-9,100,100,4.391019665928031e-11,100,98,0.0014231279555996822,4,4,1.9171752076510562e-10,100,96
44900,1.5379570537847228e-5,2.6162006640934043e-9,100,100,4.3842473054778175e-11,100,98,0.0014191553460186311,4,4,1.9125916562307e-10,100,96
45000,1.5347924175256865e-5,2.6096154109173098e-9,100,100,4.412359540240107e-11,100,97,0.001416355081114687,4,4,1.907918024957045e-10,100,96
45100,1.5292916164262976e-5,2.602502464400802e-9,100,100,4.385157861830358e-11,100,97,0.001411075721168166,4,4,1.9022476389213283e-10,100,96
45200,1.5237010893984486e-5,2.5953408814421985e-9,100,100,4.354835415887326e-11,100,98,0.0014056754401512636,4,4,1.8970609024643315e-10,100,96
45300,1.5202935472653414e-5,2.5887224395365616e-9,100,100,4.3484450415465226e-11,100,97,0.0014025990362532697,4,4,1.8926329904342398e-10,100,96
45400,1.516189464413121e-5,2.581989618638536e-9,100,100,4.365873114420271e-11,100,97,0.0013988013644816151,4,4,1.8875141857485622e-10,100,96
45500,1.5103804352431207e-5,2.5748476094322736e-9,100,100,4.315629797968512e-11,100,97,0.0013931782515266646,4,4,1.881994269627152e-10,100,96
45600,1.5058660306558402e-5,2.5680038425596186e-9,100,100,4.3003033425859094e-11,100,98,0.0013889157817600127,4,4,1.8772825524995818e-10,100,96
45700,1.5024491073314495e-5,2.5614658337100304e-9,100,100,4.320528136647628e-11,100,97,0.0013858351777274107,4,4,1.8726665790974595e-10,100,96
45800,1.4974753387390285e-5,2.554584647984637e-9,100,100,4.3053243262147767e-11,100,97,0.0013811052526664514,4,4,1.8673108762370938e-10,100,96
45900,1.492107535389265e-5,2.547594646525042e-9,100,100,4.2654272475184385e-11,100,98,0.0013759373818910308,4,4,1.862174156194718e-10,100,96
46000,1.4883273966556804e-5,2.541000373654234e-9,100,100,4.264067050840925e-11,100,97,0.0013724566555757122,4,4,1.857660045755105e-10,100,96
46100,1.4843471760451443e-5,2.5344005557398352e-9,100,100,4.278597962037445e-11,100,97,0.001368778061884749,4,4,1.8527456955783062e-10,100,96
46200,1.4790214637001778e-5,2.5274843190592478e-9,100,100,4.242650675223558e-11,100,97,0.0013636612910365707,4,4,1.847445191618946e-10,100,96
46300,1.4744058491032028e-5,2.5207318498157716e-9,100,100,4.217286068974868e-11,100,98,0.0013592857489484014,4,4,1.8426822220862782e-10,100,96
46400,1.4707770510635957e-5,2.514248761444071e-9,100,100,4.233604092296339e-11,100,97,0.0013559689535386746,4,4,1.8381010949419796e-10,100,96
46500,1.4661651368988831e-5,2.507558706683899e-9,100,100,4.225243245559174e-11,100,97,0.0013516129835166528,4,4,1.8329941601016864e-10,100,96
46600,1.4610458252717767e-5,2.500740644943711e-9,100,100,4.187585000980931e-11,100,97,0.0013467035399579615,4,4,1.827947524249418e-10,100,96
46700,1.457037171577222e-5,2.4942007703990243e-9,100,100,4.183690546777363e-11,100,97,0.0013429718834663484,4,4,1.8233871270506574e-10,100,96
46800,1.453106709409573e-5,2.4877151415247933e-9,100,100,4.194113979727465e-11,100,97,0.0013393344698983142,4,4,1.8186209005746634e-10,100,96
46900,1.4481629138255836e-5,2.4809972080236387e-9,100,100,4.16842480671642e-11,100,97,0.0013346154506175489,4,4,1.8135192479673545e-10,100,96
47000,1.4435525812571792e-5,2.474356668343003e-9,100,100,4.143154916369518e-11,100,97,0.001330239426627077,4,4,1.8087590323082048e-10,100,96
47100,1.4397666173093558e-5,2.4679399574303873e-9,100,100,4.1507684442332327e-11,100,97,0.001326745307005743,4,4,1.804207000813407e-10,100,96
47200,1.4354008856121986e-5,2.4614106829135007e-9,100,100,4.14586264624317e-11,100,97,0.001322640515493115,4,4,1.7992967966257156e-10,100,96
47300,1.4305264145181384e-5,2.4547594018251018e-9,100,100,4.115621558831162e-11,100,97,0.001317984652343353,4,4,1.7943600815265026e-10,100,96
47400,1.4263965256223379e-5,2.4482964006838914e-9,100,100,4.106328298225659e-11,100,97,0.001314116191541573,4,4,1.7897882221423744e-10,100,96
47500,1.4224800775701819e-5,2.441915497933267e-9,100,100,4.112440943337958e-11,100,97,0.0013104827648637077,4,4,1.7851347570291276e-10,100,96
47600,1.4178364120281726e-5,2.4353722788417187e-9,100,100,4.0937682063701963e-11,100,97,0.001306074029957776,4,4,1.7802087148161005e-10,100,96
47700,1.413294558787622e-5,2.428854627839483e-9,100,100,4.0703239390094126e-11,100,97,0.0013017640406900457,4,4,1.7754877516124035e-10,100,96
47800,1.4094040076131931e-5,2.4225151346729534e-9,100,100,4.0713014556881255e-11,100,97,0.0012981491831999857,4,4,1.7709671923382686e-10,100,96
47900,1.4052086910431163e-5,2.416126130763696e-9,100,100,4.067683169461933e-11,100,97,0.001294215142662808,4,4,1.7662145791047523e-10,100,96
48000,1.4005593618252417e-5,2.409632844820042e-9,100,100,4.043467123626687e-11,100,97,0.0012897911966672788,4,4,1.7613958729068013e-10,100,96
48100,1.3963852066521191e-5,2.403262643578541e-9,100,100,4.031237670065746e-11,100,97,0.0012858679082035245,4,4,1.7568406668680425e-10,100,96
48200,1.3924740322136532e-5,2.3969817450342212e-9,100,100,4.033394451763428e-11,100,97,0.0012822296698045417,4,4,1.7522771428302164e-10,100,96
48300,1.3880621761117883e-5,2.3905945070734624e-9,100,100,4.0193532530041765e-11,100,97,0.0012780583418175308,4,4,1.7475053522286732e-10,100,96
48400,1.3836227881412978e-5,2.384204398145351e-9,100,100,3.998261270676817e-11,100,97,0.0012738500820629998,4,4,1.7428472554037455e-10,100,96
48500,1.3796778694488984e-5,2.3779517599811784e-9,100,100,3.9946159227643996e-11,100,97,0.00127016830251736,4,4,1.738364959792682e-10,100,96
48600,1.3756022985335449e-5,2.3716892416994484e-9,100,100,3.991013595994186e-11,100,97,0.0012663514590568567,4,4,1.7337421515800644e-10,100,96
48700,1.371153065267365e-5,2.3653442173671158e-9,100,100,3.9714913649402384e-11,100,97,0.0012621323207946972,4,4,1.7290401142094902e-10,100,96
48800,1.366989205471901e-5,2.3590775383511287e-9,100,100,3.9579634708575284e-11,100,97,0.0012582120337487968,4,4,1.7245240045010712e-10,100,96
48900,1.3630860263238203e-5,2.3528950402612603e-9,100,100,3.9567746648594415e-11,100,97,0.001254572388297072,4,4,1.7200379792345344e-10,100,96
49000,1.3588549548820615e-5,2.3466489775664234e-9,100,100,3.945629413470986e-11,100,97,0.0012505841189182744,4,4,1.7154009115949442e-10,100,96
49100,1.3545355937519977e-5,2.3403876120084433e-9,100,100,3.926940196630202e-11,100,97,0.0012464958433396475,4,4,1.7108199665966106e-10,100,96
49200,1.35057497456859e-5,2.3342283444680034e-9,100,100,3.920227163722867e-11,100,97,0.0012427885470218884,4,4,1.7063837625883038e-10,100,96
49300,1.3465891049958713e-5,2.328083628655442e-9,100,100,3.916012306093286e-11,100,97,0.0012390572672519768,4,4,1.7018706192570288e-10,100,96
49400,1.3423142827567834e-5,2.3218779451189553e-9,100,100,3.900008961610357e-11,100,97,0.001235015281915561,4,4,1.6972818896870967e-10,100,96
49500,1.3381962713991763e-5,2.3157195510117856e-9,100,100,3.8861519904842545e-11,100,97,0.001231135799191369,4,4,1.6928191140519466e-10,100,96
49600,1.3343111389741807e-5,2.3096370094233265e-9,100,100,3.8823352518924104e-11,100,97,0.0012275058087120006,4,4,1.688405873445653e-10,100,96
49700,1.3302238349724922e-5,2.3035209798655254e-9,100,100,3.872886213118765e-11,100,97,0.0012236612676413247,4,4,1.683886758328812e-10,100,96
49800,1.3260275927035415e-5,2.297385959422471e-9,100,100,3.856413625935584e-11,100,97,0.0012196960581383686,4,4,1.679390329058228e-10,100,96
49900,1.3220825994430025e-5,2.2913253109116405e-9,100,100,3.8477877134512894e-11,100,97,0.0012159966515861939,4,4,1.6750076499427724e-10,100,96
50000,1.318171753107508e-5,2.28529233037289e-9,100,100,3.842690401989479e-11,100,97,0.0012123356109876525,4,4,1.6705905278927013e-10,100,96
50100,1.3140465797863362e-5,2.2792176496838623e-9,100,100,3.829197896265679e-11,100,97,0.001208444210558131,4,4,1.6661091039801845e-10,100,96
50200,1.3099978435414996e-5,2.2731716266266577e-9,100,100,3.8156918596987666e-11,100,97,0.0012046303665536686,4,4,1.6617111723085665e-10,100,96
50300,1.3061421037013135e-5,2.267189101387568e-9,100,100,3.809846015057072e-11,100,97,0.0012010225105410935,4,4,1.657366271133609e-10,100,96
50400,1.302173420317215e-5,2.261194297775715e-9,100,100,3.801314818474566e-11,100,97,0.001197294927155879,4,4,1.6529545223895048e-10,100,96
50500,1.2980967476154473e-5,2.2551823091257472e-9,100,100,3.786736549327152e-11,100,97,0.0011934487431849426,4,4,1.648544209129077e-10,100,96
50600,1.2941915474455786e-5,2.2492247534963705e-9,100,100,3.777056098441811e-11,100,97,0.0011897831868222443,4,4,1.6442225402382715e-10,100,96
50700,1.2903471510691897e-5,2.2432992139234664e-9,100,100,3.771034352839653e-11,100,97,0.0011861835471282164,4,4,1.6398923018134948e-10,100,96
50800,1.286352365750647e-5,2.2373489476021358e-9,100,100,3.759301897554579e-11,100,97,0.0011824222478837084,4,4,1.6355114051264108e-10,100,96
50900,1.2823841436945063e-5,2.231414611246485e-9,100,100,3.746374911683947e-11,100,97,0.0011786858850181315,4,4,1.6311837471028046e-10,100,96
51000,1.2785704149909395e-5,2.2255333426840496e-9,100,100,3.739177890926815e-11,100,97,0.0011751137687221922,4,4,1.6269093494267195e-10,100,96
51100,1.2747020433660222e-5,2.219653951959777e-9,100,100,3.731008731133745e-11,100,97,0.0011714838269321606,4,4,1.6225920086709866e-10,100,96
51200,1.2707411134096008e-5,2.21376145886909e-9,100,100,3.718021897303192e-11,100,97,0.0011677525109863192,4,4,1.6182700969188946e-10,100,96
51300,1.2668908926498207e-5,2.20790810547683e-9,100,100,3.707767599891998e-11,100,97,0.001164136973150436,4,4,1.614013597252273e-10,100,96
51400,1.263110818567692e-5,2.2020881932163783e-9,100,100,3.700985004573276e-11,100,97,0.0011605967124891487,4,4,1.6097645048548936e-10,100,96
51500,1.2592300651430026e-5,2.1962555446161658e-9,100,100,3.6904536718229686e-11,100,97,0.001156948054508469,4,4,1.6054781202395896e-10,100,96
51600,1.255349894487465e-5,2.190433208947018e-9,100,100,3.6782039219973583e-11,100,97,0.0011532971994860845,4,4,1.6012257145203712e-10,100,96
51700,1.2515875744958597e-5,2.184653750438026e-9,100,100,3.670106406283846e-11,100,97,0.0011497710502399866,4,4,1.5970198601056307e-10,100,96
51800,1.2478079481181216e-5,2.17888462567678e-9,100,100,3.6620191254388423e-11,100,97,0.0011462266206894154,4,4,1.592792469098936e-10,100,96
51900,1.2439551591282472e-5,2.1731077614467464e-9,100,100,3.6502995071074906e-11,100,97,0.0011426020086791582,4,4,1.5885557452799404e-10,100,96
52000,1.2401709044998984e-5,2.1673596745444557e-9,100,100,3.6398597677567146e-11,100,97,0.001139048375905098,4,4,1.5843685955210796e-10,100,96
52100,1.2364547574670648e-5,2.1616426868972805e-9,100,100,3.6324387941988334e-11,100,97,0.0011355672427814326,4,4,1.580195835293452e-10,100,96
52200,1.2326765566930525e-5,2.1559234241602665e-9,100,100,3.6227040464686944e-11,100,97,0.0011320191367076556,4,4,1.5759996693093248e-10,100,96
52300,1.2288863330090106e-5,2.150210926844809e-9,100,100,3.611187390784032e-11,100,97,0.0011284557636656858,4,4,1.5718233528985714e-10,100,96
52400,1.225183427490317e-5,2.144533550740846e-9,100,100,3.6024837626880135e-11,100,97,0.0011249842735583427,4,4,1.5676872733988434e-10,100,96
52500,1.2214860487898487e-5,2.1388710568295832e-9,100,100,3.594405328932737e-11,100,97,0.0011215185485965611,4,4,1.5635429236049436e-10,100,96
52600,1.2177333830619473e-5,2.133206177673541e-9,100,100,3.583602685430787e-11,100,97,0.0011179921450021925,4,4,1.5593908456179584e-10,100,96
52700,1.2140225555463388e-5,2.1275626963315752e-9,100,100,3.5732914890895806e-11,100,97,0.001114508325429861,4,4,1.555273973843918e-10,100,96
52800,1.210372373145105e-5,2.121948099870208e-9,100,100,3.5653324043094514e-11,100,97,0.0011110887272312326,4,4,1.5511767564868606e-10,100,96
52900,1.2066878574862518e-5,2.116337534038837e-9,100,100,3.556102808055517e-11,100,97,0.0011076317488233854,4,4,1.5470646335183358e-10,100,96
53000,1.2029862883429215e-5,2.1107335870448884e-9,100,100,3.545305889141037e-11,100,97,0.0011041545133475001,4,4,1.5429657595003587e-10,100,96
53100,1.1993491593586735e-5,2.105157090315224e-9,100,100,3.5362199279909134e-11,100,97,0.0011007446491179407,4,4,1.5389001965099292e-10,100,96
53200,1.1957289394429159e-5,2.099598881907805e-9,100,100,3.528096564897609e-11,100,97,0.0010973524081932316,4,4,1.5348345120888562e-10,100,96
53300,1.1920708697415952e-5,2.0940421436785317e-9,100,100,3.5180145255275797e-11,100,97,0.0010939183827856369,4,4,1.530764243660998e-10,100,96
53400,1.188436189956135e-5,2.0885028619715973e-9,100,100,3.5079024754414156e-11,100,97,0.0010905073980922726,4,4,1.5267199440435752e-10,100,96
53500,1.184854344445713e-5,2.0829889393197965e-9,100,100,3.4996148340349365e-11,100,97,0.001087152000942877,4,4,1.5226947524052403e-10,100,96
53600,1.1812567418432247e-5,2.07748358273252e-9,100,100,3.4907351315061064e-11,100,97,0.0010837790728971848,4,4,1.518663831842626e-10,100,96
53700,1.1776425064110336e-5,2.0719853107559194e-9,100,100,3.4804777115926555e-11,100,97,0.0010803865854932284,4,4,1.5146415848973915e-10,100,96
53800,1.1740744282569117e-5,2.066509715084597e-9,100,100,3.4713159430266316e-11,100,97,0.0010770419067010074,4,4,1.5106461134090088e-10,100,96
53900,1.1705291923548147e-5,2.061053300250748e-9,100,100,3.463054842889335e-11,100,97,0.001073721068301639,4,4,1.5066573726477128e-10,100,96
54000,1.1669603856527659e-5,2.0556017747350164e-9,100,100,3.453544221432292e-11,100,97,0.0010703737748235774,4,4,1.502665552752247e-10,100,96
54100,1.1634039323377136e-5,2.0501648555909524e-9,100,100,3.443687522641792e-11,100,97,0.001067037916132679,4,4,1.498693738555268e-10,100,96
54200,1.1598909404453531e-5,2.0447503898401997e-9,100,100,3.43522606194302e-11,100,97,0.0010637474815569652,4,4,1.4947406723822554e-10,100,96
54300,1.1563746265928096e-5,2.0393478268945775e-9,100,100,3.4265550466483496e-11,100,97,0.0010604527347448376,4,4,1.4907870337504958e-10,100,96
54400,1.1528463491762764e-5,2.0339526582077716e-9,100,100,3.416776583886616e-11,100,97,0.001057143622536288,4,4,1.4868403990647705e-10,100,96
54500,1.149349830359344e-5,2.0285772037859084e-9,100,100,3.407629040053095e-11,100,97,0.0010538669868296797,4,4,1.4829154137280254e-10,100,96
54600,1.1458784133707778e-5,2.0232202241690644e-9,100,100,3.399301153061973e-11,100,97,0.001050616332136099,4,4,1.4790005635131886e-10,100,96
54700,1.1423932369031518e-5,2.017871154023909e-9,100,100,3.390206344822122e-11,100,97,0.0010473498778879548,4,4,1.4750853967113176e-10,100,96
54800,1.1389165622601744e-5,2.012534530519694e-9,100,100,3.380632059013511e-11,100,97,0.0010440909311781451,4,4,1.471185300319644e-10,100,96
54900,1.1354727804104635e-5,2.0072187800757035e-9,100,100,3.372049861560811e-11,100,97,0.0010408659622495556,4,4,1.4673034879134073e-10,100,96
55000,1.1320351454445824e-5,2.0019159290354804e-9,100,100,3.3635557880606903e-11,100,97,0.0010376467650606977,4,4,1.463424607189845e-10,100,96
55100,1.1285891851904784e-5,1.996622082944821e-9,100,100,3.354201465188833e-11,100,97,0.0010344172314059614,4,4,1.4595516765678052e-10,100,96
55200,1.1251658814821237e-5,1.991344807800166e-9,100,100,3.34512556543487e-11,100,97,0.0010312104506465182,4,4,1.455697342181428e-10,100,96
55300,1.1217664239266771e-5,1.986085690006134e-9,100,100,3.336808607201647e-11,100,97,0.0010280283077773685,4,4,1.451854400591479e-10,100,96
55400,1.1183624946334365e-5,1.9808364098289344e-9,100,100,3.327963252197641e-11,100,97,0.001024840236845677,4,4,1.4480135406697014e-10,100,96
55500,1.1149630462383874e-5,1.9755988494435384e-9,100,100,3.318710410649128e-11,100,97,0.0010216555354218943,4,4,1.4441848151386383e-10,100,96
55600,1.1115905961183136e-5,1.970379795088184e-9,100,100,3.3101544075209155e-11,100,97,0.001018498458379491,4,4,1.4403728860676313e-10,100,96
55700,1.1082284118178865e-5,1.96517515368283e-9,100,100,3.301721569759497e-11,100,97,0.0010153514523239197,4,4,1.436566694594521e-10,100,96
55800,1.1048620029098735e-5,1.959979681158408e-9,100,100,3.2927169671403966e-11,100,97,0.0010121986882633703,4,4,1.4327668695565676e-10,100,96
55900,1.1015127432194258e-5,1.9547994178220618e-9,100,100,3.2837933761076243e-11,100,97,0.001009062828808521,4,4,1.4289816161958124e-10,100,96
56000,1.0981843387751615e-5,1.9496361504389714e-9,100,100,3.2754852649641286e-11,100,97,0.001005948285767826,4,4,1.4252085015625804e-10,100,96
56100,1.0948573721397056e-5,1.9444843946808676e-9,100,100,3.266865250539652e-11,100,97,0.0010028342386158345,4,4,1.4214407038568022e-10,100,96
56200,1.0915350146739512e-5,1.9393442693763085e-9,100,100,3.2579107814290076e-11,100,97,0.000999723735119751,4,4,1.4176822476369422e-10,100,96
56300,1.0882335550939418e-5,1.9342206863948164e-9,100,100,3.2493643192799126e-11,100,97,0.0009966343366863445,4,4,1.4139392608136792e-10,100,96
56400,1.0849450318991514e-5,1.929111080947732e-9,100,100,3.241085178018466e-11,100,97,0.000993557821466234,4,4,1.4102035424817805e-10,100,96
56500,1.0816555116184126e-5,1.9240127338560065e-9,100,100,3.232346335035885e-11,100,97,0.0009904790493770357,4,4,1.4064749668737941e-10,100,96
56600,1.0783795517996219e-5,1.9189277649517278e-9,100,100,3.223576093558389e-11,100,97,0.0009874133899665802,4,4,1.4027587728546176e-10,100,96
56700,1.075122450123184e-5,1.9138586809103186e-9,100,100,3.215308227999536e-11,100,97,0.0009843668782790079,4,4,1.3990547262365816e-10,100,96
56800,1.0718704239214553e-5,1.9088025170893586e-9,100,100,3.2068969008092196e-11,100,97,0.0009813247437599178,4,4,1.3953566210464508e-10,100,96
56900,1.0686222407406859e-5,1.9037575283570307e-9,100,100,3.1981974360495435e-11,100,97,0.0009782855051022848,4,4,1.391668208623742e-10,100,96
57000,1.065391896289448e-5,1.8987273524284642e-9,100,100,3.189755057309007e-11,100,97,0.0009752640890876517,4,4,1.3879928803528507e-10,100,96
57100,1.0621746810989515e-5,1.893712390892144e-9,100,100,3.1815328149775723e-11,100,97,0.0009722556597559762,4,4,1.38432672009553e-10,100,96
57200,1.0589605356584001e-5,1.888707917493959e-9,100,100,3.1730519253758693e-11,100,97,0.0009692494207275053,4,4,1.3806668612212358e-10,100,96
57300,1.055756579351682e-5,1.883716690444237e-9,100,100,3.164485860851496e-11,100,97,0.000966252715867645,4,4,1.3770187377512566e-10,100,96
57400,1.0525694516365857e-5,1.8787409371279207e-9,100,100,3.156271771720398e-11,100,97,0.0009632730165754083,4,4,1.3733826836198615e-10,100,96
57500,1.0493900471037464e-5,1.873777459582282e-9,100,100,3.1480148349194437e-11,100,97,0.0009603005091636645,4,4,1.3697532995002315e-10,100,96
57600,1.0462154190777065e-5,1.8688259290772224e-9,100,100,3.139576792987597e-11,100,97,0.0009573319084339989,4,4,1.3661328839009723e-10,100,96
57700,1.0430551567207535e-5,1.8638880924792822e-9,100,100,3.131207793050095e-11,100,97,0.0009543774405600874,4,4,1.362524724123071e-10,100,96
57800,1.0399085364621396e-5,1.858965318485284e-9,100,100,3.123135083882289e-11,100,97,0.0009514365742431205,4,4,1.3589260229249223e-10,100,96
57900,1.0367668440549083e-5,1.8540529042598841e-9,100,100,3.114829748296355e-11,100,97,0.0009484998055740104,4,4,1.3553339006655563e-10,100,96
58000,1.0336333925509128e-5,1.849154354811866e-9,100,100,3.1064593605800717e-11,100,97,0.00094557067020136,4,4,1.3517532449283665e-10,100,96
58100,1.0305164720398998e-5,1.8442693535541954e-9,100,100,3.098341028184848e-11,100,97,0.0009426580633091646,4,4,1.34818290645905e-10,100,96
58200,1.0274075514453228e-5,1.839397282057953e-9,100,100,3.090251665671673e-11,100,97,0.000939753030787218,4,4,1.3446211592077484e-10,100,96
58300,1.0243037845115181e-5,1.8345370908154357e-9,100,100,3.0819654120439743e-11,100,97,0.0009368523742316113,4,4,1.3410675955144447e-10,100,96
58400,1.0212139083073595e-5,1.8296904998049701e-9,100,100,3.0738096096216694e-11,100,97,0.0009339653356221387,4,4,1.3375254463016129e-10,100,96
58500,1.0181355705907423e-5,1.8248575281085144e-9,100,100,3.0657710745063405e-11,100,97,0.0009310896349083353,4,4,1.3339926992900208e-10,100,96
58600,1.0150637822010439e-5,1.8200362068149234e-9,100,100,3.057689518248807e-11,100,97,0.0009282198650474568,4,4,1.3304672294434106e-10,100,96
58700,1.01200135194264e-5,1.8152275004304497e-9,100,100,3.049502317331587e-11,100,97,0.0009253589181171747,4,4,1.326952267684256e-10,100,96
58800,1.0089520419347178e-5,1.8104322312140209e-9,100,100,3.041495701128216e-11,100,97,0.0009225107964716642,4,4,1.3234477272763834e-10,100,96
58900,1.0059119458826894e-5,1.8056501962029903e-9,100,100,3.0335182282792417e-11,100,97,0.000919671628278214,4,4,1.3199514614994912e-10,100,96
59000,1.0028793177592132e-5,1.8008793718424232e-9,100,100,3.025458876482201e-11,100,97,0.0009168392297934945,4,4,1.3164635354057097e-10,100,96
59100,9.99856363343984e-6,1.7961216880121866e-9,100,100,3.0174085452472355e-11,100,97,0.0009140160851794735,4,4,1.312986048010445e-10,100,96
