Itterate ,Time ,RMS_Error ,MAX_ABS_U_Error ,MAX_ABS_U_Error_position_X ,MAX_ABS_U_Error_position_Y ,MAX_ABS_V_Error ,MAX_ABS_V_Error_position_X, MAX_ABS_V_Error_position_Y ,MAX_RS_Error ,MAX_RS_Error_Position_X ,MAX_RS_Error_Position_Y ,Bulk_Velocity_ABS_Error ,Bulk_Velocity_ABS_Error_Position_X ,Bulk_Velocity_ABS_Error_Position_Y
1001,0.264498,1,0.0840014,357,437,0.0430247,365,433,1,0,437,0.00705936,357,437,
2001,0.528731,2.74189,0.0515208,364,436,0.068481,365,435,138.077,574,1,0.00326532,44,436,
3001,0.792965,2.15438,0.0208065,94,435,0.0368057,369,426,705.718,77,289,0.00183732,91,436,
4001,1.0572,0.828908,0.0143538,368,431,0.0328735,367,432,147.291,145,154,0.00171568,367,429,
5001,1.32143,0.290301,0.0153465,376,401,0.028907,382,395,14.424,386,392,0.00135787,382,396,
6001,1.58567,0.321832,0.0207443,386,380,0.0329337,386,377,34.4321,342,430,0.00196957,386,379,
7001,1.8499,0.407446,0.0369184,390,372,0.039758,390,378,58.3463,395,366,0.00204203,389,381,
8001,2.11413,0.301534,0.0320243,386,366,0.0510928,394,360,32.5679,373,368,0.00261373,170,435,
9001,2.37837,0.31883,0.0315365,208,435,0.048255,374,352,22.872,368,432,0.00391058,208,435,
10001,2.6426,0.543114,0.0562325,402,342,0.0426865,406,345,114.624,97,248,0.0054976,250,435,
11001,2.90683,0.514269,0.0513451,406,326,0.0560753,410,333,94.7845,407,352,0.00488162,293,435,
12001,3.17107,0.765605,0.0400513,349,434,0.058589,409,320,195.354,404,358,0.00443283,294,435,
13001,3.4353,0.755393,0.0437814,410,327,0.0559136,406,306,219.697,413,340,0.0043138,245,435,
14001,3.69953,0.44623,0.0412782,409,310,0.0482611,367,432,72.5301,369,430,0.00469649,265,435,
15001,3.96377,0.544819,0.0356782,418,308,0.0500112,399,296,92.8914,386,363,0.00472311,285,435,
16001,4.228,0.789269,0.0479587,396,364,0.0508167,367,432,234.264,247,430,0.00476257,305,435,
17001,4.49223,0.949367,0.0422728,427,282,0.0536605,367,432,307.392,398,370,0.00457601,349,435,
18001,4.75647,0.757779,0.0523148,430,263,0.0524796,390,368,181.996,415,336,0.0041455,350,435,
19001,5.0207,0.472109,0.0557819,391,370,0.0564475,397,367,39.7356,480,205,0.00390388,382,387,
20001,5.28493,0.510903,0.0686279,420,305,0.0515373,398,366,59.5962,381,318,0.00314406,386,372,
21001,5.54917,0.563859,0.0495399,399,327,0.0518103,402,345,57.8081,377,338,0.0030001,400,347,
22001,5.8134,0.710627,0.0463052,398,310,0.0484191,395,239,138.243,401,212,0.00245862,393,365,
23001,6.07764,0.519535,0.0479559,441,246,0.0457633,404,305,59.6884,420,323,0.00292448,403,304,
24001,6.34187,0.478785,0.0454031,387,312,0.0470046,418,296,41.1908,360,226,0.00285236,388,370,
25001,6.6061,1.6002,0.0458084,390,304,0.0434298,403,346,600.872,365,419,0.0029908,416,315,
26001,6.87034,0.765288,0.0446577,402,324,0.0477152,386,264,162.368,419,328,0.0033403,314,435,
27001,7.13457,1.74167,0.0509964,401,324,0.0573511,367,432,490.369,441,284,0.00353105,337,435,
28001,7.3988,1.22539,0.049321,413,287,0.0551907,397,361,306.109,286,281,0.00392829,312,435,
29001,7.66304,0.625704,0.0549163,403,327,0.0582281,367,432,93.1489,413,303,0.00329017,337,435,
30001,7.92727,0.749618,0.0503642,397,357,0.0552807,367,432,158.583,518,130,0.00269139,366,434,
31001,8.1915,0.832278,0.0408012,412,291,0.0507347,367,432,233.148,480,206,0.00376943,425,283,
32001,8.45574,0.768709,0.0532198,391,370,0.0418986,390,367,119.07,392,344,0.00338423,390,367,
33001,8.71997,0.729481,0.0556523,398,353,0.0424808,367,432,79.0212,414,190,0.00297111,333,435,
34001,8.9842,0.845434,0.0371715,406,334,0.0582112,367,432,141.278,424,318,0.00268241,397,336,
35001,9.24844,0.88791,0.0404441,396,358,0.0386965,366,434,181.301,266,333,0.00295505,401,320,
36001,9.51267,0.713135,0.0540284,401,321,0.0395687,402,352,67.3535,556,54,0.00303137,398,304,
37001,9.7769,0.732449,0.0509394,399,307,0.0523884,420,300,106.881,428,310,0.00309796,420,300,
38001,10.0411,0.853938,0.0473959,394,296,0.0486076,367,432,175.085,258,431,0.00421909,334,435,
39001,10.3054,0.734347,0.0472034,397,283,0.04659,413,322,109.374,384,275,0.00624614,304,435,
40001,10.5696,0.875434,0.0586513,405,330,0.041942,391,368,74.3098,418,149,0.00724103,326,435,
41001,10.8338,0.854023,0.0552185,413,307,0.0462733,367,432,82.8547,364,297,0.0058126,349,435,
42001,11.0981,0.988167,0.0527576,368,423,0.0415781,396,362,163.938,385,368,0.00400102,327,435,
43001,11.3623,0.8843,0.0580969,422,284,0.050523,396,347,127.193,364,214,0.00327966,396,347,
44001,11.6265,0.71852,0.0501042,433,262,0.0508162,367,432,112.64,384,354,0.00390334,351,435,
45001,11.8908,1.23234,0.0493103,440,250,0.0435538,367,432,405.324,500,166,0.00329556,405,306,
46001,12.155,1.75758,0.0484139,423,264,0.0477349,402,352,633.194,467,232,0.00369099,319,435,
47001,12.4192,0.702707,0.0563539,427,247,0.0496944,367,432,61.8601,426,314,0.00463863,345,435,
48001,12.6835,0.726677,0.0505845,418,304,0.0496738,419,317,62.0314,459,151,0.00336358,430,266,
49001,12.9477,1.19592,0.0382969,411,300,0.0351209,345,433,188.307,539,88,0.00403022,317,435,
50001,13.2119,1.20327,0.0383413,413,282,0.0463184,366,434,374.404,384,146,0.0042247,343,435,
51001,13.4762,1.11651,0.0485905,379,394,0.0397917,366,434,312.672,485,189,0.00327774,384,390,
52001,13.7404,0.732289,0.0531292,389,358,0.0439713,367,432,124.978,431,217,0.00309172,366,434,
53001,14.0046,0.895169,0.0511576,391,339,0.0506676,366,434,205.576,456,139,0.00393747,340,435,
54001,14.2689,0.670926,0.0546464,395,324,0.0452832,367,433,106.395,514,138,0.00279471,374,414,
55001,14.5331,0.850671,0.052601,387,380,0.0317333,397,338,169.132,455,256,0.00258475,370,421,
56001,14.7973,0.78105,0.0567424,393,318,0.0314864,415,317,83.2162,390,303,0.0026199,415,314,
57001,15.0616,1.00076,0.0471938,415,313,0.0389254,391,320,192.713,480,206,0.00270896,414,312,
58001,15.3258,0.680638,0.0527918,421,268,0.0507454,367,432,54.7074,459,169,0.00316596,418,266,
59001,15.59,0.764712,0.0545238,418,267,0.0423002,398,368,162.324,262,295,0.00259435,368,430,
60001,15.8543,0.772464,0.0388067,408,254,0.0359633,420,263,100.959,267,313,0.00255574,369,424,
61001,16.1185,0.685249,0.0372929,379,397,0.0437519,366,434,56.4691,397,235,0.00269856,366,434,
62001,16.3827,0.734186,0.0491612,420,224,0.0490679,389,377,155.544,302,316,0.00371909,389,377,
63001,16.647,1.05062,0.0412127,414,210,0.0526675,393,374,225.799,383,362,0.00345883,385,377,
64001,16.9112,1.06508,0.0486584,383,367,0.0418112,367,433,114.774,394,376,0.00363267,383,367,
65001,17.1754,0.993336,0.0424913,441,244,0.0431165,367,433,247.379,501,164,0.00375287,373,360,
66001,17.4397,1.37893,0.0596204,380,384,0.0438462,375,353,483.573,426,314,0.00502169,381,384,
67001,17.7039,1.48167,0.0413133,372,341,0.0423151,368,343,413.959,347,115,0.0031544,375,358,
68001,17.9681,2.40772,0.051631,376,358,0.0653437,387,351,829.793,446,273,0.00402917,375,358,
69001,18.2324,0.890312,0.0509332,381,386,0.0561587,367,432,84.0557,371,405,0.00413657,323,435,
70001,18.4966,1.05862,0.0572457,385,364,0.0526752,392,358,216.829,481,98,0.00357533,368,430,
71001,18.7608,0.699872,0.0530303,402,322,0.0667876,398,344,60.5961,383,380,0.00541045,398,344,
72001,19.0251,0.961029,0.061895,405,338,0.0528606,396,347,221.606,412,342,0.00519275,396,347,
73001,19.2893,0.783417,0.0604805,411,325,0.0457257,391,368,67.2928,251,242,0.00417836,391,369,
74001,19.5535,1.13608,0.0598224,414,316,0.0451183,410,335,281.355,416,276,0.00468454,308,435,
75001,19.8178,0.814775,0.0701156,403,305,0.0555631,417,315,90.1515,420,267,0.00617581,320,435,
76001,20.082,0.941555,0.0445453,322,434,0.0614132,401,285,152.024,514,138,0.00603954,340,435,
77001,20.3462,0.798271,0.0466548,303,425,0.0511909,394,282,116.105,360,396,0.00535985,340,435,
78001,20.6105,0.761119,0.0456084,439,265,0.0472001,378,408,70.5549,459,223,0.00466854,343,435,
79001,20.8747,1.65925,0.046999,443,252,0.0364462,423,250,582.87,327,36,0.0034553,345,435,
80001,21.1389,1.10576,0.0376499,435,237,0.046486,410,343,287.172,340,19,0.00251918,395,365,
81001,21.4032,1.43335,0.0484552,449,222,0.0441036,416,328,285.402,541,84,0.00450617,317,435,
82001,21.6674,1.06212,0.0551902,445,209,0.0429013,424,313,257.554,504,158,0.00425948,339,435,
83001,21.9316,1.42423,0.0490183,373,410,0.0485233,431,297,377.526,470,226,0.00385281,374,411,
84001,22.1959,0.964975,0.0610156,405,316,0.0493904,404,353,113.734,402,360,0.00308017,405,315,
85001,22.4601,1.14334,0.0587939,423,274,0.045767,429,287,179.84,194,204,0.00372228,417,271,
86001,22.7243,1.31184,0.0632477,395,353,0.0524412,405,347,195.643,91,261,0.00340049,417,272,
87001,22.9886,1.04854,0.0597996,395,338,0.0563087,408,329,165.563,175,91,0.00310707,409,250,
88001,23.2528,1.12361,0.0653421,426,206,0.0543651,367,432,201.394,164,271,0.00351295,393,363,
89001,23.517,0.980242,0.0532771,429,185,0.0439704,367,433,122.423,371,234,0.00294884,390,375,
90001,23.7813,1.00438,0.0558815,433,167,0.0422967,388,282,215.318,511,144,0.00285091,343,435,
91001,24.0455,1.02728,0.0446205,394,367,0.0495089,378,278,106.059,394,265,0.00231803,421,256,
92001,24.3097,0.932886,0.0499973,402,341,0.0447162,367,432,108.072,412,337,0.00296553,392,370,
93001,24.574,0.929671,0.0536347,411,314,0.0533102,367,432,177.046,483,197,0.00235791,367,432,
94001,24.8382,1.40557,0.0474853,420,286,0.0533884,367,432,411.025,529,108,0.00276181,368,430,
95001,25.1024,2.46727,0.031151,423,235,0.052813,426,282,833.792,505,156,0.00385627,393,371,
96001,25.3667,2.02553,0.0442391,407,338,0.0477703,398,364,612.565,397,328,0.00322972,398,363,
97001,25.6309,1.18656,0.0439716,417,311,0.0413261,405,336,190.81,408,214,0.00285801,418,307,
98001,25.8952,0.967069,0.0385733,425,283,0.0461589,417,308,102.188,247,241,0.00333123,417,308,
99001,26.1594,0.994657,0.0408643,328,180,0.0406742,426,275,84.2258,232,261,0.00406804,311,435,
100001,26.4236,1.49669,0.044368,408,314,0.0441963,432,236,475.824,456,254,0.00552952,334,435,
101001,26.6879,0.863131,0.0465714,401,353,0.046778,414,331,76.3733,302,373,0.00308054,406,333,
102001,26.9521,0.788315,0.0442327,402,348,0.0456288,389,382,53.2079,317,383,0.00495235,349,435,
103001,27.2163,1.76754,0.0542827,401,348,0.043834,423,280,599.438,411,344,0.00410477,371,421,
104001,27.4806,0.728433,0.0505814,448,128,0.0591708,385,391,32.6232,215,353,0.00397038,350,435,
105001,27.7448,0.825213,0.0592991,393,361,0.0611755,393,369,81.3316,398,168,0.00345353,369,423,
106001,28.009,0.808262,0.0660487,393,363,0.0637607,390,352,78.6651,230,369,0.00379696,391,361,
107001,28.2733,0.975287,0.0630014,404,332,0.0580073,391,361,137.196,413,282,0.00503073,391,362,
108001,28.5375,0.849499,0.0528469,411,319,0.0556314,415,325,59.9513,245,380,0.00252579,412,304,
109001,28.8017,1.49405,0.0571864,417,288,0.0623418,425,302,424.864,358,1,0.00346033,424,304,
110001,29.066,0.94504,0.0598075,407,288,0.0497702,437,274,80.2778,393,1,0.00255557,424,303,
111001,29.3302,0.998831,0.0568223,416,261,0.0368182,352,73,196.232,412,14,0.00195335,353,435,
112001,29.5944,1.00426,0.0555381,419,240,0.047388,414,228,150.48,565,36,0.00321817,353,435,
113001,29.8587,1.24191,0.0436454,423,220,0.0443654,393,369,221.558,352,41,0.00350024,393,370,
114001,30.1229,1.28706,0.0411217,424,206,0.0488976,410,173,133.373,503,160,0.00385677,337,435,
115001,30.3871,1.50059,0.043754,430,193,0.048419,394,374,290.097,470,226,0.00400404,389,374,
116001,30.6514,1.2996,0.0501984,390,376,0.0493235,404,348,194.154,384,398,0.00396082,389,374,
117001,30.9156,1.35225,0.0505406,387,360,0.0434032,388,354,290.316,440,152,0.00371138,328,435,
118001,31.1798,1.18844,0.0583837,395,343,0.0491258,394,339,250.929,507,152,0.00404684,350,435,
119001,31.4441,1.00707,0.0575565,405,324,0.0410037,404,341,118.626,488,190,0.00350767,356,435,
120001,31.7083,1.1601,0.0614891,393,366,0.0602504,414,316,160.957,248,224,0.00327676,348,435,
121001,31.9725,1.19214,0.0470199,399,340,0.0525517,421,294,181.668,251,193,0.00328983,352,435,
122001,32.2368,1.16837,0.0527907,421,270,0.0491477,367,432,122.075,230,208,0.00394222,382,387,
123001,32.501,1.03616,0.0511285,433,244,0.0653239,396,362,84.857,315,110,0.00319376,385,376,
124001,32.7652,2.20461,0.0665038,394,357,0.0451908,385,357,779.876,182,158,0.00428502,340,435,
125001,33.0295,3.16734,0.0628009,395,357,0.0474068,375,362,1105.19,351,128,0.00411765,339,435,
126001,33.2937,1.29718,0.0579777,435,258,0.0496336,394,359,222.155,541,84,0.00463044,372,415,
127001,33.5579,1.14482,0.0545546,441,243,0.0565473,393,360,183.771,126,189,0.003861,386,382,
128001,33.8222,1.56938,0.0525881,449,228,0.0626094,387,344,341.147,411,329,0.00476839,387,346,
129001,34.0864,1.14362,0.0495229,452,214,0.0491806,397,359,285.501,112,217,0.00494853,387,345,
130001,34.3506,0.809496,0.0493508,386,386,0.0536401,392,379,63.0735,236,270,0.00359554,386,383,
131001,34.6149,1.00796,0.0556139,391,370,0.0549345,401,362,222.327,486,194,0.00421583,381,392,
132001,34.8791,1.11468,0.054274,390,358,0.0582647,399,347,307.666,412,342,0.00387524,390,352,
133001,35.1433,1.00363,0.0499215,389,357,0.0531004,404,351,222.974,169,318,0.00371834,387,354,
134001,35.4076,0.786873,0.0558576,405,316,0.0454639,367,433,74.0891,363,420,0.00295374,407,317,
135001,35.6718,0.703902,0.0587337,410,299,0.0507525,367,432,74.998,190,61,0.00291071,406,316,
136001,35.936,0.834683,0.0488493,422,293,0.0604474,367,432,193.192,87,267,0.00294131,368,430,
137001,36.2003,0.789092,0.0453513,424,276,0.0597949,367,432,133.964,481,173,0.00266268,368,430,
138001,36.4645,1.42915,0.0366659,298,360,0.0572308,367,432,420.079,562,42,0.00238951,366,434,
139001,36.7287,1.04316,0.0346512,296,372,0.0576667,367,432,121.374,508,150,0.00222604,368,430,
140001,36.993,1.26623,0.0316174,448,256,0.0572843,367,432,236.157,271,427,0.00204832,366,434,
141001,37.2572,1.11172,0.0372008,446,212,0.0551206,367,432,147.441,238,89,0.00226449,465,205,
142001,37.5214,1.16629,0.0405628,445,200,0.055888,367,432,184.075,348,4,0.00244045,367,432,
143001,37.7857,0.983531,0.0379061,443,202,0.0426941,367,432,119.177,182,77,0.00484329,323,435,
144001,38.0499,1.09925,0.0453438,343,435,0.0476683,367,432,238.441,499,168,0.0066615,343,435,
145001,38.3141,0.915748,0.0434123,457,169,0.0454157,367,432,129.105,62,317,0.00573107,337,435,
146001,38.5784,1.23272,0.0351287,308,406,0.0489233,325,396,329.191,155,131,0.0052717,376,407,
147001,38.8426,1.13886,0.0389624,385,385,0.0516473,367,432,127.551,390,382,0.00528014,405,340,
148001,39.1068,1.26909,0.0406215,391,358,0.0563716,405,341,285.172,256,1,0.00639287,405,341,
149001,39.3711,1.4233,0.0442038,397,352,0.0572928,395,368,160.668,412,336,0.00434268,435,265,
150001,39.6353,1.187,0.0448823,388,361,0.0532437,403,348,96.9986,315,1,0.00396935,435,266,
151001,39.8995,1.95097,0.0465092,428,231,0.0490124,408,338,637.79,108,225,0.0035128,402,341,
152001,40.1638,1.24228,0.0496715,411,289,0.0514968,367,433,245.757,496,48,0.00305231,418,299,
153001,40.428,1.58511,0.0542995,417,260,0.0542057,367,432,441.633,367,434,0.00246865,441,161,
154001,40.6922,0.986506,0.0439868,416,237,0.0480721,367,432,164.306,461,122,0.00292702,430,282,
155001,40.9565,5.24535,0.0489763,431,212,0.0474623,367,433,2027.15,501,164,0.00415164,125,436,
156001,41.2207,1.09764,0.0388615,120,435,0.050496,367,432,205.681,517,132,0.00361351,139,436,
157001,41.4849,0.920309,0.0375048,134,435,0.0420469,367,432,87.6637,531,104,0.00390261,133,436,
158001,41.7492,1.03963,0.0312127,128,435,0.0447526,367,432,191.505,66,309,0.00368345,273,435,
159001,42.0134,1.30245,0.0331694,338,183,0.0411231,367,433,257.022,490,186,0.00332185,344,435,
160001,42.2776,1.0816,0.0383587,321,206,0.0361632,367,433,155.791,537,92,0.00359681,193,435,
161001,42.5419,1.42576,0.0438374,307,226,0.0636415,397,363,299.802,484,197,0.00555301,331,435,
162001,42.8061,1.15667,0.0514737,325,435,0.0415637,398,363,272.873,246,338,0.00741077,325,435,
163001,43.0703,1.05855,0.0508512,397,339,0.0420484,367,432,225.915,424,153,0.00588793,288,435,
164001,43.3346,2.51201,0.0587037,395,322,0.0458682,396,368,910.25,496,174,0.00590982,336,435,
165001,43.5988,1.02602,0.0442651,386,387,0.0459048,411,321,185.673,199,285,0.00549659,373,413,
166001,43.863,0.996378,0.0488049,385,380,0.0444513,391,377,138.434,555,56,0.00364674,384,381,
167001,44.1273,1.56934,0.053417,402,339,0.041996,433,254,508.308,559,48,0.00343642,107,436,
168001,44.3915,1.67938,0.047511,411,323,0.0394114,402,333,409.501,433,295,0.00339676,99,436,
169001,44.6557,0.908355,0.0539231,414,314,0.0468608,367,433,77.3118,570,26,0.00338087,90,436,
170001,44.92,1.26404,0.0448355,464,191,0.0564046,436,254,323.909,453,260,0.00489648,435,255,
171001,45.1842,1.14617,0.0397738,469,165,0.0474241,433,258,216.117,265,216,0.00458992,434,257,
172001,45.4484,2.74465,0.0382212,469,181,0.0436223,417,314,1014.52,520,126,0.0035146,69,436,
173001,45.7127,0.789983,0.0399073,471,185,0.0371453,439,279,56.4211,509,128,0.00302657,65,436,
174001,45.9769,2.0208,0.0483796,491,136,0.032054,367,432,717.61,168,105,0.00455986,338,435,
175001,46.2411,1.52175,0.0362321,451,214,0.0311206,505,129,386.499,187,102,0.00421371,349,435,
176001,46.5054,1.33798,0.0464015,331,435,0.0291609,508,145,374.524,256,382,0.00553856,332,435,
177001,46.7696,0.884388,0.0415014,328,435,0.0578361,367,432,88.7916,266,381,0.00557646,327,435,
178001,47.0338,2.71153,0.0444071,343,435,0.0517011,367,432,1022.23,369,430,0.00672658,343,435,
179001,47.2981,1.09784,0.0505913,389,366,0.0593582,389,363,241.798,397,169,0.00622953,342,435,
180001,47.5623,1.10504,0.0486651,395,342,0.0473372,480,82,165.693,558,50,0.00523234,341,435,
181001,47.8265,1.04804,0.0504698,395,359,0.0489424,389,380,133.684,210,21,0.00425945,311,435,
182001,48.0908,0.942467,0.0534634,397,362,0.0582633,367,432,80.1469,382,301,0.00420277,338,435,
183001,48.355,1.18246,0.0569603,400,302,0.0544844,367,432,223.909,521,124,0.00384671,374,412,
184001,48.6192,0.902859,0.0689875,415,307,0.0582971,404,299,97.152,440,286,0.00367329,397,343,
185001,48.8835,0.973321,0.0553985,398,320,0.0588863,401,355,150.765,396,35,0.00333623,355,435,
186001,49.1477,1.38192,0.0619095,398,320,0.0503862,367,433,312.448,509,148,0.0025957,329,435,
187001,49.4119,0.984343,0.0617911,400,334,0.0526598,408,326,139.692,549,68,0.00445747,408,326,
188001,49.6762,1.34663,0.0593473,398,311,0.0551137,400,364,209.309,126,306,0.00417456,408,326,
189001,49.9404,0.879867,0.0534349,397,290,0.055428,396,359,101.224,322,295,0.00454234,397,357,
190001,50.2046,1.40641,0.0503777,402,272,0.0540711,397,357,395.303,566,34,0.00456449,397,357,
191001,50.4689,1.44262,0.0587744,396,255,0.0560887,385,239,322.076,572,22,0.00341414,222,435,
192001,50.7331,1.63799,0.0375025,353,238,0.049634,377,231,438.181,374,230,0.00445292,344,435,
193001,50.9973,1.10419,0.0347947,438,271,0.0406016,367,433,246.176,151,139,0.00460886,294,435,
194001,51.2616,1.98227,0.0369791,406,325,0.0367713,367,432,486.28,532,102,0.00401606,301,435,
195001,51.5258,1.69495,0.0385406,414,295,0.0384652,368,430,411.874,558,50,0.00495397,252,435,
196001,51.79,0.975229,0.0403896,421,268,0.0349259,367,433,97.929,332,264,0.00523401,276,435,
197001,52.0543,0.840162,0.037416,426,242,0.0440622,367,433,52.8643,415,336,0.00443301,300,435,
198001,52.3185,3.76576,0.0392495,406,340,0.046158,385,391,1457.14,169,103,0.0037653,329,435,
199001,52.5827,0.94717,0.0371349,420,313,0.0449078,399,358,86.1348,403,360,0.00350161,289,435,
200001,52.847,1.1887,0.0488824,403,341,0.0407652,413,180,175.994,554,17,0.00341894,312,435,
201001,53.1112,1.06201,0.0546631,405,333,0.0476528,387,385,189.683,429,308,0.00325194,335,435,
202001,53.3754,1.01448,0.0495741,420,306,0.0425684,407,348,127.621,466,234,0.00316295,386,385,
203001,53.6397,0.83838,0.052281,403,309,0.0465364,414,335,47.3604,333,87,0.00275433,371,420,
204001,53.9039,0.937043,0.0466405,411,291,0.0536295,423,315,96.5822,423,320,0.00312761,372,417,
205001,54.1681,1.18492,0.0512445,445,250,0.0562849,367,432,216.965,419,328,0.00246005,316,435,
206001,54.4324,3.92277,0.0496878,399,354,0.0423495,367,432,1498.21,212,17,0.00251533,339,435,
207001,54.6966,0.999705,0.0467673,418,303,0.0603602,400,358,78.6991,369,406,0.00311295,400,358,
208001,54.9608,1.37022,0.0521729,411,329,0.0471916,424,273,220.283,473,219,0.00329927,400,347,
209001,55.2251,0.881626,0.0529315,421,307,0.0453608,366,434,106.666,386,394,0.00293071,396,358,
210001,55.4893,1.10741,0.0451302,428,292,0.0498973,366,434,133.418,374,83,0.00349633,368,430,
211001,55.7535,1.81698,0.0512145,432,275,0.0500611,436,286,588.276,370,428,0.00429768,303,435,
212001,56.0178,1.34554,0.054912,437,256,0.0478927,443,267,299.331,347,71,0.00465507,330,435,
213001,56.282,1.06392,0.0530894,437,232,0.0596747,431,302,232.718,139,260,0.00421809,396,362,
214001,56.5462,1.1807,0.0521352,437,212,0.0532796,437,290,300.392,539,88,0.00313153,368,430,
215001,56.8105,0.975013,0.050469,414,325,0.0531773,412,321,140.223,392,382,0.00408719,412,322,
216001,57.0747,1.06149,0.0528154,425,200,0.0539751,367,432,132.091,421,324,0.00413479,398,354,
217001,57.3389,1.35774,0.0519308,410,192,0.0506503,367,432,245.008,73,295,0.00339347,421,284,
218001,57.6032,2.40554,0.0564105,429,278,0.048874,367,432,693.954,215,15,0.00292281,418,287,
219001,57.8674,1.36814,0.0537911,437,258,0.0481051,429,293,343.733,396,175,0.00279828,366,434,
220001,58.1316,1.32108,0.0615175,446,234,0.0459502,367,433,327.039,230,199,0.00281025,366,434,
221001,58.3959,1.04956,0.0482568,443,232,0.0472395,367,433,164.651,70,303,0.00291279,366,434,
222001,58.6601,0.923606,0.0511783,457,188,0.0451732,367,433,125.234,372,129,0.00232582,444,202,
223001,58.9243,1.08671,0.054602,462,165,0.040808,358,143,181.583,304,1,0.00239243,387,384,
224001,59.1886,0.852614,0.0506131,464,147,0.0434155,367,432,101.266,479,208,0.00247585,402,354,
225001,59.4528,1.11126,0.0411913,464,131,0.0504555,367,432,240.574,502,161,0.0030684,420,316,
226001,59.717,0.7198,0.0309982,403,191,0.0560416,367,432,65.5187,401,170,0.00287421,168,436,
227001,59.9813,0.901132,0.0266702,152,435,0.0527872,367,432,124.369,241,341,0.0032311,189,436,
228001,60.2455,0.987373,0.0501558,167,435,0.0512521,436,98,122.227,376,160,0.00564382,167,435,
229001,60.5097,1.23218,0.0422338,176,434,0.0499453,421,89,195.234,510,146,0.00536523,175,435,
230001,60.774,1.18007,0.0421379,206,435,0.0492071,403,83,266.089,527,112,0.00594051,206,435,
231001,61.0382,1.69347,0.053804,215,435,0.0487397,383,78,510.394,138,432,0.0074597,215,435,
232001,61.3024,1.0664,0.0526972,208,435,0.0681782,212,433,171.15,479,208,0.00718741,208,435,
233001,61.5667,1.19529,0.053073,208,435,0.066784,212,433,281.657,119,418,0.00722069,245,435,
234001,61.8309,1.15677,0.0517748,245,435,0.0605757,249,432,252.822,492,182,0.0074096,245,435,
235001,62.0951,1.20102,0.0474913,228,435,0.0566517,288,432,380.098,508,150,0.00637772,228,435,
236001,62.3594,1.26644,0.0438212,250,435,0.0574561,248,432,317.809,524,118,0.0065875,250,435,
237001,62.6236,0.924087,0.0447975,288,435,0.0509639,285,432,171.259,527,112,0.00658553,288,435,
238001,62.8878,1.38445,0.0460818,336,434,0.0434501,405,348,376.88,563,40,0.00659789,324,435,
239001,63.1521,0.913067,0.0471182,349,435,0.0517659,355,432,139.001,299,420,0.00689547,349,435,
240001,63.4163,0.908834,0.0478184,366,423,0.0482721,384,394,107.559,409,200,0.00534034,344,435,
241001,63.6805,1.28774,0.0501003,378,403,0.0427635,377,401,302.259,145,151,0.00507731,369,425,
242001,63.9448,1.12897,0.0521116,403,349,0.0500715,385,384,176.386,214,13,0.00515174,328,435,
243001,64.209,1.47099,0.0467258,398,355,0.051707,411,328,293.736,449,264,0.00608894,343,435,
244001,64.4732,1.24631,0.0666482,372,408,0.0573628,420,307,230.967,322,19,0.00776085,373,409,
245001,64.7375,1.44542,0.0583079,413,310,0.0604476,386,361,412.506,346,364,0.00612689,377,401,
246001,65.0017,1.58963,0.0772261,390,359,0.0490222,405,342,472.48,367,434,0.00341125,381,391,
247001,65.2659,0.967956,0.065667,401,339,0.0676577,404,345,192.483,181,389,0.00361798,388,358,
248001,65.5302,0.920649,0.0621312,402,316,0.0702501,409,327,109.856,144,153,0.00235086,399,316,
249001,65.7944,0.948779,0.0536575,443,242,0.0511736,415,307,105.766,424,318,0.00306037,415,308,
250001,66.0586,1.64097,0.0529999,399,280,0.0534055,421,310,426.277,565,2,0.0031965,415,292,
251001,66.3229,1.35763,0.0556574,402,270,0.0514722,430,289,285.379,69,303,0.00290313,430,291,
252001,66.5871,1.90103,0.0508596,409,249,0.0449934,443,264,667.05,319,219,0.00277701,414,250,
253001,66.8513,0.959025,0.0596204,403,261,0.0455422,367,432,139.38,77,287,0.00240457,454,240,
254001,67.1156,1.01886,0.0511093,408,246,0.061924,367,432,215.734,392,239,0.00290912,367,432,
255001,67.3798,1.21926,0.0537851,449,174,0.0405337,367,432,256.2,461,244,0.00288451,367,432,
256001,67.644,1.51967,0.0497181,450,159,0.0371889,366,434,343.291,174,93,0.00263792,366,434,
257001,67.9083,1.15237,0.0517285,432,146,0.0327996,490,167,285.044,133,175,0.00247972,455,83,
258001,68.1725,0.814865,0.0440113,438,122,0.0446857,431,128,109.282,62,434,0.00247981,366,434,
259001,68.4367,0.858618,0.0425114,419,120,0.0410171,366,434,137.032,553,60,0.00323665,366,434,
260001,68.701,1.48229,0.0395802,364,416,0.0453908,407,110,419.517,257,57,0.00185945,366,434,
261001,68.9652,1.12721,0.0403353,363,418,0.0520357,367,432,196.613,488,190,0.00203127,366,434,
262001,69.2294,0.976977,0.0372066,363,420,0.048187,378,102,89.9868,516,134,0.00218026,366,434,
263001,69.4937,0.849641,0.0323232,366,431,0.0473844,367,432,99.0537,344,183,0.00239463,343,119,
264001,69.7579,0.791289,0.0359781,365,425,0.0450752,366,434,90.4986,130,181,0.00310224,366,434,
265001,70.0222,2.08697,0.0362964,518,83,0.0408918,367,433,696.23,538,90,0.00270471,282,159,
266001,70.2864,0.825874,0.0357459,528,70,0.0393758,367,433,130.292,362,426,0.00265746,251,187,
267001,70.5506,0.984322,0.035673,365,425,0.0406338,367,433,214.295,180,81,0.00258644,230,219,
268001,70.8149,0.834702,0.0375584,367,432,0.0443997,367,433,155.319,152,163,0.00259338,207,253,
269001,71.0791,1.07282,0.0505613,521,82,0.043416,367,433,238.11,520,126,0.0023369,367,432,
270001,71.3433,1.15809,0.0418575,530,68,0.0366006,380,58,232.795,455,99,0.00257508,83,436,
271001,71.6076,1.12382,0.0435058,364,422,0.041595,367,432,288.418,79,283,0.00287812,75,436,
272001,71.8718,0.925182,0.0385162,364,422,0.0610287,367,432,104.973,551,64,0.00282994,70,436,
273001,72.136,1.20637,0.023621,169,352,0.0410542,366,434,182.418,210,21,0.00289881,332,435,
274001,72.4003,1.28213,0.0484011,522,79,0.0354156,260,329,326.925,314,61,0.00389342,335,435,
275001,72.6645,1.13528,0.0425343,529,85,0.0399687,190,366,254.818,371,426,0.00248667,282,435,
276001,72.9287,1.33464,0.0393865,368,430,0.0411137,208,366,383.562,532,102,0.0040638,354,435,
277001,73.193,0.681287,0.0337991,536,37,0.0433802,490,18,65.4067,536,94,0.0029538,291,435,
278001,73.4572,1.02922,0.0315732,529,28,0.042107,474,17,227.722,558,23,0.00403358,245,435,
279001,73.7214,1.21217,0.0350286,296,435,0.0477883,367,432,270.121,453,3,0.00562395,296,435,
280001,73.9857,0.745616,0.0364423,418,315,0.0486846,367,432,82.0986,428,12,0.00461161,345,434,
281001,74.2499,1.10179,0.0322512,533,3,0.0474171,379,406,146.089,38,365,0.00490944,375,408,
282001,74.5141,0.934736,0.0377367,389,374,0.0465172,367,432,84.9438,525,116,0.00356733,387,375,
283001,74.7784,0.877263,0.0407502,394,359,0.0469375,401,352,82.6255,233,76,0.00348489,400,340,
284001,75.0426,0.860742,0.0411021,536,71,0.0504526,397,346,106.22,548,68,0.00351377,417,306,
285001,75.3068,2.77668,0.0402467,436,265,0.0470998,416,307,875.599,344,1,0.00395259,416,307,
286001,75.5711,1.03468,0.0462247,436,265,0.0506804,367,432,236.92,445,163,0.00438047,188,435,
287001,75.8353,0.720887,0.0496892,208,435,0.0496378,367,432,63.694,464,234,0.00637829,208,435,
288001,76.0995,0.842703,0.0535202,203,435,0.0407399,367,432,114.552,371,426,0.00699423,203,435,
289001,76.3638,0.911436,0.0587414,222,435,0.0369926,367,432,96.2641,505,145,0.00794973,222,435,
290001,76.628,2.30894,0.0593793,272,435,0.0390835,221,433,835.561,524,71,0.00868231,272,435,
291001,76.8922,0.846705,0.0571657,260,435,0.0401893,413,336,125.848,475,216,0.00820787,260,435,
292001,77.1565,0.736763,0.0516808,307,435,0.0364923,258,433,69.1079,68,305,0.00763613,307,435,
293001,77.4207,0.784287,0.0434586,293,435,0.0472451,368,430,76.707,507,121,0.00652769,321,435,
294001,77.6849,0.904845,0.0470186,320,435,0.0467429,368,430,169.368,318,139,0.00707769,320,435,
295001,77.9492,1.05098,0.0437053,332,435,0.0522587,329,432,191.509,519,69,0.0065066,332,435,
296001,78.2134,0.828711,0.0548809,386,387,0.0517773,390,383,57.2959,536,90,0.00543069,375,407,
297001,78.4776,0.91005,0.0489648,385,388,0.0443247,389,384,68.5137,526,95,0.00476185,376,406,
298001,78.7419,4.05336,0.0548886,391,374,0.0477375,391,378,1543.08,472,222,0.00409388,403,330,
299001,79.0061,2.68857,0.0537977,398,348,0.0505604,383,393,1028.63,515,136,0.00403846,383,393,
300001,79.2703,0.935323,0.0538094,403,341,0.0500783,388,373,145.273,499,167,0.0046479,389,373,
301001,79.5346,0.940402,0.0499708,418,295,0.0521976,390,382,197.203,318,411,0.00389003,417,310,
302001,79.7988,1.02177,0.047551,407,334,0.0640238,403,354,139.418,504,82,0.00415178,436,272,
303001,80.063,1.36776,0.0475879,413,309,0.0538024,415,329,332.8,369,430,0.00381313,436,271,
304001,80.3273,1.49184,0.0534406,412,309,0.039636,467,226,442.59,208,292,0.0021013,418,318,
305001,80.5915,2.64934,0.0546911,418,282,0.0317596,478,204,882.476,126,189,0.0023719,463,220,
306001,80.8557,0.968247,0.0552386,423,258,0.0312846,431,247,143.069,235,302,0.00176301,423,258,
307001,81.12,1.41892,0.0537484,425,230,0.0369959,434,223,424.185,568,30,0.00170511,435,221,
308001,81.3842,0.814301,0.0483398,426,208,0.0395671,434,202,88.7818,86,273,0.00263811,467,83,
309001,81.6484,1.03634,0.0463412,450,57,0.0535625,367,432,273.812,484,198,0.00438536,122,435,
310001,81.9127,1.0453,0.0460809,132,435,0.0548234,367,432,218.641,33,375,0.00510163,132,435,
311001,82.1769,1.04163,0.0535167,132,435,0.0526517,367,432,194.253,563,40,0.00552903,132,435,
312001,82.4411,1.01625,0.0583995,139,435,0.0482165,367,432,134.188,168,105,0.00611866,139,435,
313001,82.7054,1.12103,0.0620496,146,435,0.048615,367,432,270.95,64,313,0.00668223,146,435,
314001,82.9696,2.12353,0.0522423,152,435,0.0625999,155,433,741.553,516,134,0.00586436,153,435,
315001,83.2338,2.59479,0.0453662,156,435,0.0594691,159,433,956.887,532,102,0.00552435,155,436,
316001,83.4981,0.864368,0.0499238,160,435,0.0630811,163,433,148.001,158,125,0.00613584,159,436,
317001,83.7623,1.10751,0.0508693,164,435,0.0447231,367,432,222.489,215,13,0.00651263,164,435,
318001,84.0265,1.11899,0.0350795,198,435,0.0475338,368,430,211.56,327,142,0.00465934,295,435,
319001,84.2908,1.11265,0.04241,181,435,0.0514218,368,430,248.792,547,72,0.00539654,235,435,
320001,84.555,1.0256,0.0527511,201,435,0.0349787,440,273,170.744,298,159,0.00667878,201,435,
321001,84.8192,1.02206,0.0559424,221,435,0.0390777,366,434,154.789,199,422,0.00754552,221,435,
322001,85.0835,1.03361,0.0514646,239,435,0.0417699,220,433,256.842,184,391,0.00737895,239,435,
323001,85.3477,0.777432,0.0478631,326,435,0.0434147,237,433,54.0258,559,48,0.0072416,289,435,
324001,85.6119,1.46578,0.0509105,342,435,0.0428054,172,376,411.401,94,253,0.00758674,289,435,
325001,85.8762,1.48162,0.0503278,290,435,0.0534189,294,433,465.587,460,55,0.00726693,290,435,
326001,86.1404,1.30045,0.0435977,332,435,0.0520696,313,432,215.057,384,1,0.00649492,332,435,
327001,86.4046,0.883512,0.0558999,384,391,0.0541638,417,318,88.9796,531,62,0.00541458,350,435,
328001,86.6689,0.821479,0.0500315,400,344,0.0447441,387,388,85.1544,275,400,0.00521123,379,399,
329001,86.9331,1.00763,0.0543172,402,344,0.0561393,399,355,173.736,78,285,0.00493379,348,435,
330001,87.1973,2.13063,0.0534312,367,421,0.0619764,412,325,684.521,65,311,0.00465766,369,422,
331001,87.4616,3.91195,0.0535754,402,313,0.0540977,390,381,1504.56,548,70,0.00397004,395,358,
332001,87.7258,0.878224,0.0517221,415,313,0.0541134,400,358,98.6601,566,34,0.00458559,395,358,
333001,87.99,0.721625,0.0533798,426,276,0.0704629,416,319,70.8049,557,35,0.00463701,416,319,
334001,88.2543,1.30066,0.061465,430,279,0.0536091,367,432,360.467,495,172,0.00413541,416,319,
335001,88.5185,0.914937,0.0582973,449,223,0.0431988,445,263,112.028,571,24,0.0046527,430,276,
336001,88.7827,0.969393,0.0553331,450,222,0.0436363,456,237,147.011,478,204,0.00292447,82,436,
337001,89.047,0.993843,0.0451939,365,419,0.0431875,367,432,241.066,532,102,0.00354551,88,436,
338001,89.3112,0.76461,0.0466993,363,421,0.0501553,367,432,150.402,484,198,0.00345953,86,436,
339001,89.5754,0.846506,0.0413908,446,173,0.0384889,73,434,187.28,510,76,0.00334264,81,436,
340001,89.8397,1.00441,0.0411505,459,122,0.0444007,408,139,204.605,546,74,0.00357369,91,436,
341001,90.1039,2.13745,0.0343326,367,432,0.0357959,400,131,761.614,369,430,0.00276657,122,436,
342001,90.3681,0.909091,0.0318485,433,124,0.0346443,431,93,117.259,74,434,0.0023302,105,436,
343001,90.6324,1.1308,0.0326957,80,435,0.0384182,417,90,147.714,506,43,0.00338825,92,436,
344001,90.8966,3.39899,0.048409,496,146,0.0418092,394,85,1301.43,119,203,0.00283829,366,434,
345001,91.1608,1.40119,0.0465001,507,127,0.0454907,367,432,359.404,542,82,0.00298179,325,435,
346001,91.4251,1.02384,0.0493541,517,107,0.047149,367,432,140.457,101,240,0.0039457,215,435,
347001,91.6893,0.923144,0.0533375,524,90,0.0509064,328,84,134.257,168,105,0.0056955,265,435,
348001,91.9535,1.36415,0.0484442,531,74,0.0526741,367,432,438.632,578,10,0.00530052,269,435,
349001,92.2178,0.846281,0.0483778,535,59,0.0527103,367,432,103.399,426,26,0.00526352,318,435,
350001,92.482,1.70501,0.0441583,537,45,0.0451131,367,432,442.51,497,153,0.00425226,324,435,
351001,92.7462,1.19353,0.0355694,539,32,0.0419912,367,433,252.836,429,32,0.00445476,307,435,
352001,93.0105,1.02137,0.0505934,506,136,0.0499997,517,126,177.84,510,146,0.004296,307,435,
353001,93.2747,0.950525,0.0479923,513,99,0.0419603,440,276,105.96,230,11,0.00371286,312,435,
354001,93.5389,1.95785,0.0394988,512,114,0.0385991,439,269,567.507,178,85,0.0039923,337,435,
355001,93.8032,1.04346,0.0378398,431,273,0.0530681,439,269,115.783,185,71,0.00372102,439,269,
356001,94.0674,1.07607,0.0476476,439,240,0.0412533,504,91,250.412,511,144,0.00329418,374,411,
357001,94.3316,1.00831,0.0404659,506,78,0.0302408,512,15,170.008,391,2,0.00261055,438,238,
358001,94.5959,1.04438,0.0355771,367,432,0.043625,367,432,190.999,554,17,0.00256699,385,389,
359001,94.8601,1.56999,0.0342161,367,432,0.0445012,367,432,469.288,490,186,0.00243301,367,432,
360001,95.1243,0.923877,0.0380061,424,290,0.0491693,367,432,92.3148,527,80,0.00250008,393,371,
361001,95.3886,1.2775,0.0361874,521,40,0.0501521,367,432,364.548,121,199,0.00260869,429,298,
362001,95.6528,1.36093,0.0431192,367,432,0.0531888,367,432,340.721,577,12,0.00329031,232,435,
363001,95.917,0.848973,0.0410628,367,432,0.0417238,391,382,86.9982,42,364,0.00340163,260,435,
364001,96.1813,1.51237,0.0361206,367,432,0.0415107,406,351,518.169,369,430,0.00460386,281,435,
365001,96.4455,0.873578,0.0376032,367,432,0.049335,418,313,154.045,525,1,0.00478686,328,435,
366001,96.7097,0.829285,0.0428678,410,320,0.0429443,418,313,68.4121,88,265,0.00393428,418,313,
367001,96.974,0.88384,0.0376249,420,286,0.0486025,367,433,169.812,497,172,0.00339233,392,370,
368001,97.2382,0.759069,0.0439074,440,244,0.0664396,367,432,84.3276,489,188,0.00355121,392,371,
369001,97.5024,0.634854,0.0427173,406,341,0.0577858,367,432,81.4795,506,154,0.00275902,433,253,
370001,97.7667,2.43599,0.0382519,437,189,0.0522941,367,432,873.222,202,37,0.00272865,407,345,
371001,98.0309,0.839175,0.0401267,428,276,0.0502783,367,432,127.266,492,181,0.00289995,414,323,
372001,98.2951,0.739011,0.0362789,440,241,0.052759,367,432,95.3139,450,260,0.0023312,366,434,
373001,98.5594,0.955641,0.0322888,460,225,0.0486838,367,432,106.761,466,234,0.00267474,366,434,
374001,98.8236,0.837372,0.0334647,474,194,0.0430914,367,433,70.8902,107,423,0.00336073,162,435,
375001,99.0878,2.16494,0.0381022,198,434,0.0509913,367,432,765.291,95,401,0.0048627,197,435,
376001,99.3521,0.996568,0.0420791,210,435,0.042306,367,433,247.547,38,365,0.00578159,210,435,
377001,99.6163,0.721721,0.046206,225,434,0.0422041,454,44,100.315,485,196,0.00646446,224,435,
378001,99.8805,1.3735,0.0741036,246,435,0.0439029,249,434,403.006,530,104,0.00826991,246,435,
379001,100.145,1.92576,0.0526952,251,434,0.0594865,229,431,697.428,501,164,0.00689563,253,435,
380001,100.409,0.997796,0.0681426,289,435,0.0560062,295,431,291.072,546,74,0.0099978,289,435,
381001,100.673,0.656494,0.0542081,328,435,0.0454843,366,434,91.714,262,42,0.00906002,328,435,
382001,100.937,1.1269,0.0682943,281,435,0.0761995,289,429,268.485,81,279,0.0101938,281,435,
383001,101.202,0.799515,0.0777277,314,434,0.07636,322,429,121.469,517,41,0.011956,313,435,
384001,101.466,1.01911,0.0791098,347,433,0.0872634,357,429,228.741,341,47,0.0100388,349,434,
385001,101.73,1.04707,0.0622045,372,380,0.0644248,377,392,218.434,210,22,0.0080574,311,435,
386001,101.994,1.03641,0.0714698,363,377,0.0690961,380,393,139.962,567,32,0.00826966,363,377,
387001,102.259,1.44043,0.0665189,361,377,0.0704327,366,374,422.385,93,255,0.0105346,378,395,
388001,102.523,0.869522,0.0658161,377,358,0.0574838,392,322,85.5966,363,415,0.0073803,376,404,
389001,102.787,1.17049,0.0572796,369,353,0.0529051,389,386,193.272,150,141,0.0047193,379,402,
390001,103.051,1.26455,0.0551963,400,299,0.0604453,388,385,276.601,522,103,0.00510813,383,385,
391001,103.316,1.4957,0.052888,411,278,0.0506839,410,335,278.824,528,66,0.00389899,403,344,
392001,103.58,1.2791,0.0495507,365,364,0.0550684,406,347,211.782,380,16,0.00383196,413,325,
393001,103.844,1.14584,0.0422354,424,241,0.0517531,414,332,142.459,110,221,0.00364307,411,328,
394001,104.108,2.17846,0.0413078,57,433,0.0543641,426,308,760.425,100,241,0.00308321,419,319,
395001,104.373,0.840299,0.0548025,364,359,0.0470309,437,287,72.5884,89,265,0.00419151,437,254,
396001,104.637,1.23255,0.0629388,376,343,0.0396585,412,340,266.95,485,196,0.00312559,437,254,
397001,104.901,1.21148,0.0592833,389,322,0.0456424,367,432,356.54,264,18,0.0029574,456,235,
398001,105.165,3.7735,0.0582179,399,302,0.0522339,367,432,1147.13,57,327,0.00247018,367,432,
399001,105.429,1.40613,0.0585016,408,281,0.0479804,367,432,375.246,382,258,0.00256162,367,432,
400001,105.694,0.762675,0.0534206,420,259,0.0436916,454,254,67.7352,407,198,0.00332738,458,228,
401001,105.958,1.05351,0.0460936,432,235,0.0416972,466,227,95.0371,474,5,0.00427118,463,199,
402001,106.222,1.05585,0.0471307,441,200,0.040219,452,125,188.504,431,183,0.00404507,463,200,
403001,106.486,1.41196,0.0534122,448,178,0.036857,459,135,259.662,483,200,0.0038483,458,142,
404001,106.751,2.91327,0.0592365,449,154,0.037741,458,135,1059.96,182,77,0.00422485,453,147,
405001,107.015,0.849838,0.0501021,444,137,0.0446121,443,111,102.608,446,156,0.00372066,441,117,
406001,107.279,0.818659,0.0413999,398,48,0.0439457,431,84,82.6899,439,142,0.00317677,430,92,
407001,107.543,0.93654,0.0359862,367,432,0.0472147,421,62,200.259,68,305,0.00277548,420,70,
408001,107.808,0.838863,0.0335978,131,434,0.0455532,412,43,144.946,147,147,0.00336473,129,435,
409001,108.072,0.908568,0.040555,123,435,0.0446917,367,432,171.64,52,337,0.00463218,174,435,
410001,108.336,0.908129,0.0468364,510,104,0.0424803,367,432,142.068,251,1,0.00508866,214,435,
411001,108.6,1.10554,0.0538776,180,434,0.0562451,176,432,230.11,87,267,0.00651566,202,435,
412001,108.864,0.921671,0.0519349,232,435,0.0516837,235,433,188.695,435,15,0.00661606,232,435,
413001,109.129,1.02183,0.0755994,232,435,0.0569394,239,431,187.933,473,12,0.0113953,232,435,
414001,109.393,61.058,0.0670704,271,434,0.060445,233,428,24443.6,532,102,0.011175,268,435,
415001,109.657,1.08829,0.078355,254,434,0.0759157,263,430,204.359,551,64,0.0125619,268,435,
416001,109.921,0.897149,0.0735416,310,434,0.0537975,305,430,130.476,315,7,0.0116756,308,435,
417001,110.186,3.55018,0.0783579,322,434,0.0727094,373,403,1315.65,151,139,0.0118567,321,435,
418001,110.45,1.04043,0.0753637,362,387,0.0689056,380,400,217.152,289,422,0.00829366,373,403,
419001,110.714,0.882369,0.0674659,377,388,0.0672135,339,407,102.537,251,9,0.0103519,377,388,
420001,110.978,0.965996,0.0955145,376,387,0.0691065,383,384,91.653,569,28,0.00983038,377,388,
421001,111.243,1.1865,0.0809956,360,373,0.0608947,389,348,228.847,369,430,0.00787298,360,373,
422001,111.507,5.49948,0.0624646,337,397,0.0639809,379,336,2042.6,361,365,0.00619502,388,374,
423001,111.771,1.45013,0.0556339,384,345,0.0778752,395,335,321.114,31,379,0.00719686,387,375,
424001,112.035,2.5886,0.0668255,375,328,0.0648502,393,337,771.208,406,353,0.00672307,393,337,
425001,112.3,2.24743,0.072309,359,302,0.0650598,367,412,608.227,159,123,0.00517407,392,372,
426001,112.564,3.07468,0.0494648,371,249,0.0635875,390,384,1039.19,524,32,0.0077274,409,328,
427001,112.828,1.02322,0.0561495,422,281,0.0569855,415,328,151.693,519,128,0.00760634,408,329,
428001,113.092,1.3608,0.0641323,399,180,0.0544739,424,232,238.542,451,172,0.0060938,421,280,
429001,113.356,2.84563,0.057821,427,238,0.041895,385,199,574.503,186,78,0.00437366,391,146,
430001,113.621,1.65517,0.0582899,414,212,0.0524452,421,206,353.522,458,71,0.00376681,391,147,
431001,113.885,1.30801,0.0556905,398,197,0.0579133,406,191,351.56,558,50,0.00239731,398,195,
432001,114.149,1.1059,0.0491544,384,189,0.0598399,380,183,195.647,556,54,0.00213916,470,189,
433001,114.413,0.914128,0.0447539,486,153,0.0598838,365,183,83.2326,293,196,0.00385467,327,435,
434001,114.678,1.52644,0.0475111,491,129,0.0485643,367,432,305.471,289,204,0.00398407,371,418,
435001,114.942,0.876866,0.0393344,343,435,0.0502782,317,64,87.8095,493,180,0.00568118,343,435,
436001,115.206,1.04479,0.0565221,361,178,0.0503011,301,64,117.946,492,77,0.0044508,376,407,
437001,115.47,1.24364,0.0488288,365,162,0.0488777,360,153,295.526,241,49,0.00477938,376,406,
438001,115.735,1.08024,0.045879,408,326,0.0528551,367,432,194.14,334,157,0.00381838,392,366,
439001,115.999,1.0068,0.0387183,494,154,0.0512146,367,432,114.567,171,99,0.00405512,357,435,
440001,116.263,2.04591,0.0583651,501,135,0.0538312,511,141,631.206,502,162,0.00410528,497,122,
441001,116.527,0.979783,0.0580101,508,108,0.0464805,209,102,90.912,578,2,0.00417197,497,122,
442001,116.791,1.27315,0.057961,514,92,0.0392934,246,109,230.531,505,150,0.00490512,145,435,
443001,117.056,0.808062,0.053156,158,435,0.037283,421,31,86.714,543,80,0.00620861,158,435,
444001,117.32,1.28938,0.0464639,220,219,0.0419562,161,432,242.013,489,187,0.00504112,163,435,
445001,117.584,0.943291,0.0565283,191,435,0.0500362,195,433,150.655,385,396,0.007012,191,435,
446001,117.848,1.16081,0.0715541,183,435,0.0698005,189,432,123.319,71,303,0.00982389,183,435,
447001,118.113,3.95556,0.0903812,170,433,0.0586132,225,432,1518.81,367,434,0.0121382,219,435,
448001,118.377,1.07049,0.0802997,196,434,0.0525129,200,431,169.999,563,1,0.01152,193,435,
449001,118.641,1.51429,0.0912353,183,435,0.082965,190,431,466.233,67,307,0.0117933,194,435,
450001,118.905,4.6846,0.0673709,272,435,0.0568594,276,433,1830.55,518,130,0.00958277,273,435,
451001,119.17,1.03143,0.0663481,207,435,0.0850604,213,432,198.474,509,148,0.00957278,251,435,
452001,119.434,1.10527,0.0600759,251,435,0.0514008,187,432,217.09,551,64,0.0100077,252,435,
453001,119.698,1.03914,0.0527243,212,434,0.0663769,217,431,181.956,96,307,0.00793774,273,435,
454001,119.962,1.14086,0.0599615,240,434,0.0675769,247,431,240.566,60,321,0.00803448,240,435,
455001,120.227,0.982469,0.0678041,271,434,0.0580627,305,430,143.782,149,143,0.00871109,270,435,
456001,120.491,1.86746,0.0654763,304,433,0.0725167,340,429,559.812,176,89,0.0086895,341,435,
457001,120.755,2.46009,0.0773208,313,435,0.0597803,377,382,640.034,547,72,0.0104198,313,435,
458001,121.019,1.23935,0.0656813,382,366,0.0707569,355,429,301.92,509,148,0.00934076,347,435,
459001,121.283,1.54587,0.0698635,374,404,0.0678702,385,387,193.199,294,267,0.00947631,313,435,
460001,121.548,1.25912,0.0835782,377,376,0.0744376,378,369,170.253,323,426,0.00920743,346,435,
461001,121.812,2.82457,0.0707395,378,368,0.0668819,379,403,1047.64,121,199,0.00817575,375,405,
462001,122.076,1.2325,0.0690657,377,370,0.0654019,352,403,186.414,211,19,0.00758296,376,369,
463001,122.34,0.983912,0.0559447,345,378,0.0544168,385,392,113.777,368,432,0.00544436,387,377,
464001,122.605,1.02748,0.050267,250,435,0.0600396,385,391,158.588,353,238,0.00708034,250,435,
465001,122.869,0.895434,0.0563463,373,363,0.0611479,272,432,91.4356,285,185,0.00753341,291,435,
466001,123.133,0.83384,0.0475617,383,346,0.0522367,314,433,117.22,449,260,0.00698691,310,435,
467001,123.397,1.21936,0.0559003,386,328,0.0550137,333,432,175.669,553,20,0.00683909,335,435,
468001,123.662,1.16338,0.0523629,424,277,0.0667853,422,301,225.898,510,146,0.00649088,374,411,
469001,123.926,1.40917,0.0568677,392,360,0.0603048,397,354,332.931,401,363,0.00511763,380,397,
470001,124.19,0.993205,0.0681112,393,351,0.06231,381,346,106.781,272,5,0.00527657,380,348,
471001,124.454,1.15685,0.0616134,418,280,0.0619493,367,342,98.9632,345,1,0.00503952,366,344,
472001,124.718,2.53291,0.0612888,428,263,0.0702079,392,365,622.405,87,387,0.00497337,392,365,
473001,124.983,1.08759,0.0557142,366,340,0.0588088,396,364,145.515,367,342,0.00438444,391,344,
474001,125.247,1.18295,0.066205,340,321,0.062629,403,351,234.194,437,225,0.00441132,391,345,
475001,125.511,1.09569,0.0656397,390,261,0.0503292,346,344,172.857,170,101,0.00288034,407,341,
476001,125.775,1.6133,0.0529993,398,235,0.0458917,355,318,454.003,578,1,0.00363385,363,277,
477001,126.04,1.13717,0.0474696,210,435,0.0461957,379,242,155.352,166,109,0.00625753,211,435,
478001,126.304,1.0644,0.0474516,227,435,0.0531974,430,233,105.478,458,155,0.00653502,227,435,
479001,126.568,1.49839,0.048427,242,435,0.0590392,247,432,448.352,472,131,0.00671783,242,435,
480001,126.832,1.05549,0.0511327,454,121,0.0568877,263,432,153.268,548,65,0.00686433,281,435,
481001,127.097,1.05873,0.0546514,440,71,0.0492697,280,431,132.985,204,33,0.00699525,297,435,
482001,127.361,1.34234,0.0524241,444,53,0.0544293,319,432,368.39,524,118,0.00705545,314,435,
483001,127.625,1.24345,0.044584,338,435,0.0563158,359,431,209.014,370,426,0.00704148,373,412,
484001,127.889,0.955733,0.071724,369,418,0.0548595,381,393,102.751,11,418,0.00640334,380,395,
485001,128.154,1.19127,0.0660644,388,376,0.0661259,402,351,277.151,199,43,0.00484311,381,393,
486001,128.418,1.45904,0.0466424,365,425,0.0434325,414,325,370.331,45,351,0.00461033,370,420,
487001,128.682,1.11764,0.0609127,405,326,0.0576359,390,380,144.154,313,401,0.00379276,390,380,
488001,128.946,3.33607,0.0534803,404,317,0.0565682,411,311,837.376,497,172,0.00353741,396,325,
489001,129.21,0.98278,0.0494017,397,328,0.0532275,414,324,114.274,78,404,0.00582495,396,326,
490001,129.475,1.02485,0.0490374,85,434,0.051976,367,432,91.5222,406,269,0.00376313,84,435,
491001,129.739,1.04065,0.056723,395,267,0.0435949,428,286,85.5496,431,238,0.00309318,109,435,
492001,130.003,1.07002,0.0573758,398,241,0.0479558,441,260,115.461,429,213,0.00416531,109,435,
493001,130.267,1.25944,0.0571347,403,220,0.0405966,414,59,230.873,89,263,0.00361869,67,436,
494001,130.532,2.0197,0.0614377,403,197,0.0417895,367,433,418.253,239,253,0.00334291,71,436,
495001,130.796,1.35462,0.0530181,401,180,0.0498129,403,179,321.195,528,66,0.00325914,84,436,
496001,131.06,1.31227,0.0408706,471,205,0.0507986,367,432,233.605,215,66,0.00285667,460,232,
497001,131.324,1.36645,0.0475797,480,186,0.0437462,492,175,312.464,201,314,0.00289354,98,436,
498001,131.589,1.09158,0.0433778,491,162,0.0440916,351,155,171.125,371,426,0.00315816,353,435,
499001,131.853,0.945834,0.0383995,84,435,0.0474355,327,148,141.772,445,64,0.00348677,84,435,
500001,132.117,1.06882,0.0453712,84,435,0.0473271,309,147,152.723,530,106,0.00390516,84,436,
